t,sym,dir,raw,score,fwr,why,win,month
2025-06-12 05:00:00+00:00,EURJPY,BUY,2.4,2.4,0.5,низ диапазона+RSI низкий,True,2025-06
2025-06-12 10:00:00+00:00,USDCHF,BUY,2.1,2.1,0.5,низ диапазона+RSI низкий,True,2025-06
2025-06-12 20:00:00+00:00,USDCHF,BUY,2.1,2.1,0.5,низ диапазона+RSI низкий,False,2025-06
2025-06-13 00:00:00+00:00,USDCHF,BUY,2.1,2.1,0.5,низ диапазона+RSI низкий,True,2025-06
2025-06-13 05:00:00+00:00,EURUSD,BUY,2.4,2.4,0.5,низ диапазона+RSI низкий,False,2025-06
2025-06-13 10:00:00+00:00,EURUSD,BUY,2.4,2.4,0.5,низ диапазона+RSI низкий,True,2025-06
2025-06-13 15:00:00+00:00,USDCHF,SELL,1.2000000000000002,1.2000000000000002,0.5,RSI высокий,True,2025-06
2025-06-16 00:00:00+00:00,EURJPY,BUY,1.1,1.1,0.5,импульс вверх,False,2025-06
2025-06-17 00:00:00+00:00,USDCHF,SELL,2.0,2.0,0.5,верх диапазона+RSI высокий,True,2025-06
2025-06-17 05:00:00+00:00,EURUSD,BUY,2.4,2.4,0.5,низ диапазона+RSI низкий,True,2025-06
2025-06-17 20:00:00+00:00,EURJPY,BUY,2.4,2.4,0.5,низ диапазона+RSI низкий,True,2025-06
2025-06-18 00:00:00+00:00,EURUSD,BUY,2.1,2.1,0.5,низ диапазона+RSI низкий,True,2025-06
2025-06-18 05:00:00+00:00,EURJPY,BUY,2.4,2.4,0.5,низ диапазона+RSI низкий,False,2025-06
2025-06-18 10:00:00+00:00,EURJPY,BUY,2.1,2.1,0.5,низ диапазона,True,2025-06
2025-06-19 00:00:00+00:00,EURJPY,BUY,1.6,1.6,0.5,низ диапазона,False,2025-06
2025-06-19 05:00:00+00:00,EURUSD,BUY,2.1,2.1,0.5,низ диапазона+RSI низкий,True,2025-06
2025-06-19 20:00:00+00:00,USDCHF,BUY,2.4,2.4,0.5,низ диапазона+RSI низкий,True,2025-06
2025-06-20 05:00:00+00:00,USDCHF,BUY,1.6,1.6,0.5,низ диапазона+RSI низкий,True,2025-06
2025-06-20 20:00:00+00:00,EURJPY,SELL,1.5,1.5,0.5,верх диапазона+RSI высокий,False,2025-06
2025-06-23 00:00:00+00:00,EURUSD,BUY,2.4,2.4,0.5,низ диапазона+RSI низкий,True,2025-06
2025-06-23 05:00:00+00:00,EURUSD,BUY,1.1,1.1,0.5,импульс вверх,False,2025-06
2025-06-23 10:00:00+00:00,EURUSD,BUY,2.1,2.1,0.5,низ диапазона+RSI низкий,True,2025-06
2025-06-23 15:00:00+00:00,USDCHF,BUY,2.1,2.1,0.5,низ диапазона+RSI низкий,False,2025-06
2025-06-23 20:00:00+00:00,USDCHF,BUY,2.1,2.1,0.5,низ диапазона+RSI низкий,True,2025-06
2025-06-24 00:00:00+00:00,EURJPY,BUY,2.4,2.4,0.5,низ диапазона+RSI низкий,False,2025-06
2025-06-24 05:00:00+00:00,USDCHF,BUY,2.1,2.1,0.5,низ диапазона+RSI низкий,False,2025-06
2025-06-24 10:00:00+00:00,EURJPY,BUY,2.4,2.4799999999999995,0.5333333333333333,низ диапазона+RSI низкий,False,2025-06
2025-06-24 15:00:00+00:00,EURJPY,BUY,1.2000000000000002,1.2000000000000002,0.5,RSI низкий,False,2025-06
2025-06-24 20:00:00+00:00,USDCHF,BUY,2.1,2.17,0.5333333333333333,низ диапазона+RSI низкий,False,2025-06
2025-06-25 00:00:00+00:00,USDCHF,BUY,2.1,2.1,0.5,низ диапазона+RSI низкий,True,2025-06
2025-06-25 05:00:00+00:00,USDCHF,BUY,1.2999999999999998,1.3382352941176467,0.5294117647058824,низ диапазона,True,2025-06
2025-06-25 20:00:00+00:00,EURJPY,SELL,1.5,1.539473684210526,0.5263157894736842,верх диапазона+RSI высокий,True,2025-06
2025-06-26 00:00:00+00:00,USDCHF,BUY,2.1,2.1552631578947365,0.5263157894736842,низ диапазона+RSI низкий,False,2025-06
2025-06-26 05:00:00+00:00,USDCHF,BUY,2.1,2.1,0.5,низ диапазона+RSI низкий,False,2025-06
2025-06-26 15:00:00+00:00,USDCHF,BUY,2.1,2.05,0.47619047619047616,низ диапазона+RSI низкий,True,2025-06
2025-06-27 05:00:00+00:00,EURUSD,BUY,1.6,1.6,0.5,низ диапазона,True,2025-06
2025-06-27 10:00:00+00:00,USDCHF,BUY,1.2999999999999998,1.2999999999999998,0.5,низ диапазона,True,2025-06
2025-06-30 00:00:00+00:00,EURUSD,BUY,1.1,1.356666666666667,0.7333333333333333,импульс вверх,True,2025-06
2025-06-30 05:00:00+00:00,EURJPY,BUY,2.9,3.045,0.55,низ диапазона+RSI низкий,True,2025-06
2025-06-30 10:00:00+00:00,USDCHF,BUY,2.1,2.1456521739130436,0.5217391304347826,низ диапазона+RSI низкий,False,2025-06
2025-06-30 15:00:00+00:00,USDCHF,BUY,2.1,2.1,0.5,низ диапазона+RSI низкий,False,2025-06
2025-06-30 20:00:00+00:00,USDCHF,BUY,2.1,2.058,0.48,низ диапазона+RSI низкий,True,2025-06
2025-07-01 00:00:00+00:00,USDCHF,BUY,2.1,2.1,0.5,низ диапазона+RSI низкий,True,2025-07
2025-07-01 05:00:00+00:00,USDCHF,BUY,2.1,2.1388888888888893,0.5185185185185185,низ диапазона+RSI низкий,False,2025-07
2025-07-01 10:00:00+00:00,USDCHF,BUY,2.1,2.1,0.5,низ диапазона+RSI низкий,True,2025-07
2025-07-01 15:00:00+00:00,EURUSD,BUY,1.6,2.023529411764706,0.7647058823529411,низ диапазона,True,2025-07
2025-07-02 10:00:00+00:00,EURUSD,BUY,2.4,3.0666666666666664,0.7777777777777778,низ диапазона+RSI низкий,True,2025-07
2025-07-02 15:00:00+00:00,EURUSD,BUY,1.1,1.418421052631579,0.7894736842105263,импульс вверх,True,2025-07
2025-07-03 00:00:00+00:00,EURUSD,SELL,1.5,1.9500000000000002,0.8,верх диапазона+RSI высокий,True,2025-07
2025-07-03 15:00:00+00:00,EURUSD,BUY,1.2000000000000002,1.5714285714285716,0.8095238095238095,RSI низкий,True,2025-07
2025-07-03 20:00:00+00:00,EURUSD,BUY,1.2000000000000002,1.5818181818181822,0.8181818181818182,RSI низкий,True,2025-07
2025-07-04 00:00:00+00:00,EURUSD,BUY,1.1,1.4586956521739134,0.8260869565217391,импульс вверх,True,2025-07
2025-07-04 05:00:00+00:00,USDCHF,BUY,1.6,1.6275862068965516,0.5172413793103449,низ диапазона+RSI низкий,True,2025-07
2025-07-04 10:00:00+00:00,EURJPY,BUY,1.2000000000000002,1.2923076923076924,0.5769230769230769,RSI низкий,True,2025-07
2025-07-07 10:00:00+00:00,EURUSD,BUY,2.9,3.866666666666667,0.8333333333333334,низ диапазона+RSI низкий,True,2025-07
2025-07-07 15:00:00+00:00,EURUSD,BUY,1.7000000000000002,2.278,0.84,RSI низкий,False,2025-07
2025-07-08 00:00:00+00:00,EURUSD,BUY,1.1,1.4384615384615387,0.8076923076923077,импульс вверх,False,2025-07
2025-07-09 10:00:00+00:00,EURJPY,BUY,1.6,1.7481481481481482,0.5925925925925926,низ диапазона,False,2025-07
2025-07-09 15:00:00+00:00,EURJPY,BUY,1.2000000000000002,1.2857142857142858,0.5714285714285714,RSI низкий,False,2025-07
2025-07-09 20:00:00+00:00,EURJPY,BUY,2.4,2.5241379310344825,0.5517241379310345,низ диапазона+RSI низкий,False,2025-07
2025-07-10 00:00:00+00:00,EURJPY,BUY,2.4,2.4799999999999995,0.5333333333333333,низ диапазона+RSI низкий,True,2025-07
2025-07-10 05:00:00+00:00,USDCHF,BUY,1.1,1.1323529411764706,0.5294117647058824,RSI низкий+импульс вверх,True,2025-07
2025-07-10 15:00:00+00:00,EURJPY,BUY,1.6,1.6774193548387097,0.5483870967741935,низ диапазона,False,2025-07
2025-07-11 00:00:00+00:00,EURUSD,BUY,2.1,2.683333333333333,0.7777777777777778,низ диапазона+RSI низкий,True,2025-07
2025-07-11 05:00:00+00:00,EURUSD,BUY,1.2999999999999998,1.671428571428571,0.7857142857142857,низ диапазона,True,2025-07
2025-07-11 20:00:00+00:00,EURJPY,SELL,1.5,1.5681818181818181,0.5454545454545454,верх диапазона+RSI высокий,True,2025-07
2025-07-14 05:00:00+00:00,EURUSD,BUY,2.1,2.7155172413793105,0.7931034482758621,низ диапазона+RSI низкий,True,2025-07
2025-07-14 20:00:00+00:00,EURUSD,BUY,1.2999999999999998,1.6899999999999997,0.8,низ диапазона,True,2025-07
2025-07-15 15:00:00+00:00,EURUSD,BUY,2.1,2.7435483870967743,0.8064516129032258,низ диапазона+RSI низкий,False,2025-07
2025-07-15 20:00:00+00:00,EURUSD,BUY,2.1,2.6906250000000003,0.78125,низ диапазона+RSI низкий,True,2025-07
2025-07-16 00:00:00+00:00,EURUSD,BUY,2.1,2.7045454545454546,0.7878787878787878,низ диапазона+RSI низкий,True,2025-07
2025-07-16 15:00:00+00:00,EURJPY,BUY,1.2000000000000002,1.2705882352941178,0.5588235294117647,RSI низкий,False,2025-07
2025-07-16 20:00:00+00:00,EURJPY,BUY,2.4,2.5028571428571422,0.5428571428571428,низ диапазона+RSI низкий,True,2025-07
2025-07-17 00:00:00+00:00,EURJPY,BUY,1.1,1.1611111111111112,0.5555555555555556,импульс вверх,True,2025-07
2025-07-17 10:00:00+00:00,EURUSD,BUY,2.1,2.717647058823529,0.7941176470588235,низ диапазона+RSI низкий,True,2025-07
2025-07-18 00:00:00+00:00,EURUSD,SELL,1.3000000000000003,1.6900000000000004,0.8,верх диапазона+RSI высокий+импульс вверх,True,2025-07
2025-07-18 05:00:00+00:00,EURJPY,SELL,1.5,1.6013513513513513,0.5675675675675675,верх диапазона+RSI высокий,False,2025-07
2025-07-18 10:00:00+00:00,USDCHF,BUY,2.4,2.5538461538461537,0.5641025641025641,низ диапазона+RSI низкий,False,2025-07
2025-07-18 20:00:00+00:00,USDCHF,BUY,1.1,1.1550000000000002,0.55,импульс вверх,True,2025-07
2025-07-21 00:00:00+00:00,EURJPY,BUY,2.4,2.5263157894736845,0.5526315789473685,низ диапазона+RSI низкий,True,2025-07
2025-07-21 05:00:00+00:00,EURJPY,BUY,1.2000000000000002,1.276923076923077,0.5641025641025641,RSI низкий,False,2025-07
2025-07-21 10:00:00+00:00,EURJPY,BUY,2.9,3.045,0.55,низ диапазона+RSI низкий,True,2025-07
2025-07-21 15:00:00+00:00,USDCHF,BUY,2.1,2.205,0.55,низ диапазона+RSI низкий,True,2025-07
2025-07-22 15:00:00+00:00,USDCHF,BUY,2.1,2.2575,0.575,низ диапазона+RSI низкий,False,2025-07
2025-07-22 20:00:00+00:00,USDCHF,BUY,2.1,2.205,0.55,низ диапазона+RSI низкий,True,2025-07
2025-07-23 10:00:00+00:00,EURUSD,BUY,1.2000000000000002,1.5473684210526317,0.7894736842105263,RSI низкий,True,2025-07
2025-07-23 20:00:00+00:00,USDCHF,BUY,1.2999999999999998,1.3649999999999998,0.55,низ диапазона,True,2025-07
2025-07-24 05:00:00+00:00,EURUSD,SELL,1.5,1.942307692307692,0.7948717948717948,верх диапазона+RSI высокий,True,2025-07
2025-07-24 10:00:00+00:00,EURUSD,BUY,1.2000000000000002,1.5600000000000003,0.8,RSI низкий,True,2025-07
2025-07-24 15:00:00+00:00,USDCHF,SELL,2.0,2.05,0.525,верх диапазона+RSI высокий,True,2025-07
2025-07-25 00:00:00+00:00,EURJPY,SELL,1.5,1.5,0.5,верх диапазона+RSI высокий,True,2025-07
2025-07-25 10:00:00+00:00,EURUSD,BUY,2.4,3.1799999999999997,0.825,низ диапазона+RSI низкий,True,2025-07
2025-07-28 10:00:00+00:00,EURUSD,BUY,2.1,2.8350000000000004,0.85,низ диапазона+RSI низкий,False,2025-07
2025-07-28 15:00:00+00:00,EURUSD,BUY,2.1,2.7825,0.825,низ диапазона+RSI низкий,False,2025-07
2025-07-28 20:00:00+00:00,EURUSD,BUY,2.1,2.7825,0.825,низ диапазона+RSI низкий,True,2025-07
2025-07-29 00:00:00+00:00,EURUSD,BUY,2.1,2.7825,0.825,низ диапазона+RSI низкий,False,2025-07
2025-07-29 05:00:00+00:00,EURUSD,BUY,2.1,2.7300000000000004,0.8,низ диапазона+RSI низкий,False,2025-07
2025-07-29 15:00:00+00:00,EURUSD,BUY,1.2999999999999998,1.6574999999999998,0.775,низ диапазона,True,2025-07
2025-07-30 00:00:00+00:00,USDCHF,BUY,1.6,1.6,0.5,низ диапазона,True,2025-07
2025-07-30 05:00:00+00:00,USDCHF,BUY,1.6,1.64,0.525,RSI низкий+импульс вверх,True,2025-07
2025-07-30 10:00:00+00:00,EURJPY,BUY,2.1,2.1,0.5,низ диапазона+RSI низкий,False,2025-07
2025-07-30 15:00:00+00:00,EURUSD,BUY,2.1,2.6774999999999998,0.775,низ диапазона+RSI низкий,False,2025-07
2025-07-30 20:00:00+00:00,EURUSD,BUY,2.1,2.625,0.75,низ диапазона+RSI низкий,True,2025-07
2025-07-31 00:00:00+00:00,EURUSD,BUY,2.1,2.625,0.75,низ диапазона+RSI низкий,True,2025-07
2025-07-31 20:00:00+00:00,EURUSD,BUY,1.2999999999999998,1.6249999999999998,0.75,низ диапазона,False,2025-07
2025-08-01 00:00:00+00:00,EURJPY,SELL,1.5,1.5,0.5,верх диапазона+RSI высокий,True,2025-08
2025-08-01 10:00:00+00:00,EURJPY,BUY,1.6,1.64,0.525,низ диапазона+RSI низкий,False,2025-08
2025-08-01 15:00:00+00:00,EURUSD,SELL,1.6,2.0,0.75,верх диапазона+RSI высокий+импульс вверх,False,2025-08
2025-08-01 20:00:00+00:00,USDCHF,BUY,2.9,3.045,0.55,низ диапазона+RSI низкий,True,2025-08
2025-08-04 00:00:00+00:00,EURJPY,BUY,2.1,2.1,0.5,низ диапазона+RSI низкий,True,2025-08
2025-08-04 10:00:00+00:00,USDCHF,BUY,1.1,1.1825,0.575,импульс вверх,True,2025-08
2025-08-04 15:00:00+00:00,EURJPY,BUY,2.1,2.1,0.5,низ диапазона+RSI низкий,False,2025-08
2025-08-04 20:00:00+00:00,EURJPY,BUY,2.1,2.0475,0.475,низ диапазона+RSI низкий,False,2025-08
2025-08-05 00:00:00+00:00,EURJPY,BUY,2.1,1.9949999999999999,0.45,низ диапазона+RSI низкий,False,2025-08
2025-08-05 15:00:00+00:00,USDCHF,BUY,1.6,1.72,0.575,низ диапазона,True,2025-08
2025-08-06 05:00:00+00:00,USDCHF,BUY,1.6,1.72,0.575,низ диапазона,False,2025-08
2025-08-06 15:00:00+00:00,USDCHF,BUY,1.2999999999999998,1.3974999999999997,0.575,низ диапазона,True,2025-08
2025-08-06 20:00:00+00:00,EURUSD,SELL,1.5,1.8375000000000001,0.725,верх диапазона+RSI высокий,True,2025-08
2025-08-07 15:00:00+00:00,USDCHF,BUY,1.1,1.2100000000000002,0.6,импульс вверх,False,2025-08
2025-08-08 00:00:00+00:00,EURJPY,BUY,1.1,1.045,0.45,импульс вверх,False,2025-08
2025-08-08 05:00:00+00:00,USDCHF,BUY,1.1,1.1825,0.575,импульс вверх,True,2025-08
2025-08-11 15:00:00+00:00,EURUSD,BUY,2.1,2.52,0.7,низ диапазона+RSI низкий,True,2025-08
2025-08-11 20:00:00+00:00,EURJPY,BUY,1.1,1.045,0.45,импульс вверх,True,2025-08
2025-08-12 15:00:00+00:00,USDCHF,BUY,1.2000000000000002,1.29,0.575,RSI низкий,False,2025-08
2025-08-12 20:00:00+00:00,USDCHF,BUY,1.6,1.72,0.575,низ диапазона+RSI низкий,True,2025-08
2025-08-13 00:00:00+00:00,USDCHF,BUY,1.6,1.7600000000000002,0.6,низ диапазона+RSI низкий,True,2025-08
2025-08-13 05:00:00+00:00,USDCHF,BUY,2.1,2.3100000000000005,0.6,низ диапазона+RSI низкий,False,2025-08
2025-08-13 15:00:00+00:00,EURJPY,BUY,1.2000000000000002,1.1700000000000002,0.475,RSI низкий,False,2025-08
2025-08-14 00:00:00+00:00,EURJPY,BUY,2.9,2.8274999999999997,0.475,низ диапазона+RSI низкий,False,2025-08
2025-08-14 05:00:00+00:00,EURUSD,BUY,2.1,2.52,0.7,низ диапазона+RSI низкий,False,2025-08
2025-08-14 15:00:00+00:00,EURUSD,BUY,2.9,3.4075,0.675,низ диапазона+RSI низкий,True,2025-08
2025-08-14 20:00:00+00:00,EURJPY,SELL,1.2000000000000002,1.1400000000000001,0.45,верх диапазона+RSI высокий,True,2025-08
2025-08-15 00:00:00+00:00,EURUSD,BUY,1.2000000000000002,1.4100000000000004,0.675,RSI низкий,True,2025-08
2025-08-15 10:00:00+00:00,EURUSD,SELL,1.5,1.7625000000000002,0.675,верх диапазона+RSI высокий,False,2025-08
2025-08-15 20:00:00+00:00,EURUSD,SELL,1.5,1.7249999999999999,0.65,верх диапазона+RSI высокий,True,2025-08
2025-08-18 10:00:00+00:00,EURUSD,BUY,1.2000000000000002,1.3800000000000001,0.65,RSI низкий,False,2025-08
2025-08-18 15:00:00+00:00,EURUSD,BUY,2.4,2.6999999999999997,0.625,низ диапазона+RSI низкий,False,2025-08
2025-08-18 20:00:00+00:00,EURUSD,BUY,2.4,2.64,0.6,низ диапазона+RSI низкий,False,2025-08
2025-08-19 00:00:00+00:00,EURUSD,BUY,2.4,2.5799999999999996,0.575,низ диапазона+RSI низкий,False,2025-08
2025-08-19 10:00:00+00:00,USDCHF,BUY,2.1,2.205,0.55,низ диапазона+RSI низкий,True,2025-08
2025-08-19 20:00:00+00:00,EURUSD,BUY,2.1,2.2575,0.575,низ диапазона+RSI низкий,False,2025-08
2025-08-20 00:00:00+00:00,EURUSD,BUY,2.1,2.2575,0.575,низ диапазона+RSI низкий,False,2025-08
2025-08-20 15:00:00+00:00,USDCHF,BUY,2.1,2.2575,0.575,низ диапазона+RSI низкий,False,2025-08
2025-08-20 20:00:00+00:00,USDCHF,BUY,2.1,2.2575,0.575,низ диапазона+RSI низкий,True,2025-08
2025-08-21 10:00:00+00:00,USDCHF,SELL,1.2000000000000002,1.29,0.575,верх диапазона,False,2025-08
2025-08-21 20:00:00+00:00,EURUSD,BUY,1.2999999999999998,1.3649999999999998,0.55,низ диапазона,True,2025-08
2025-08-22 00:00:00+00:00,USDCHF,SELL,1.2000000000000002,1.2600000000000002,0.55,верх диапазона+RSI высокий,False,2025-08
2025-08-22 05:00:00+00:00,EURUSD,BUY,2.1,2.205,0.55,низ диапазона+RSI низкий,True,2025-08
2025-08-22 15:00:00+00:00,USDCHF,BUY,2.1,2.205,0.55,низ диапазона+RSI низкий,False,2025-08
2025-08-22 20:00:00+00:00,USDCHF,BUY,2.1,2.1525,0.525,низ диапазона+RSI низкий,True,2025-08
2025-08-25 00:00:00+00:00,USDCHF,BUY,1.6,1.64,0.525,RSI низкий+импульс вверх,True,2025-08
2025-08-25 10:00:00+00:00,EURUSD,BUY,1.2000000000000002,1.2600000000000002,0.55,RSI низкий,False,2025-08
2025-08-25 15:00:00+00:00,EURUSD,BUY,1.6,1.6800000000000002,0.55,низ диапазона,False,2025-08
2025-08-25 20:00:00+00:00,EURUSD,BUY,2.1,2.1525,0.525,низ диапазона+RSI низкий,True,2025-08
2025-08-26 20:00:00+00:00,USDCHF,BUY,1.6,1.64,0.525,низ диапазона+RSI низкий,True,2025-08
2025-08-27 05:00:00+00:00,EURUSD,BUY,2.1,2.1525,0.525,низ диапазона+RSI низкий,False,2025-08
2025-08-27 10:00:00+00:00,EURUSD,BUY,2.1,2.1,0.5,низ диапазона+RSI низкий,True,2025-08
2025-08-27 20:00:00+00:00,USDCHF,BUY,2.1,2.1525,0.525,низ диапазона+RSI низкий,False,2025-08
2025-08-28 00:00:00+00:00,USDCHF,BUY,2.1,2.1,0.5,низ диапазона+RSI низкий,False,2025-08
2025-08-28 05:00:00+00:00,USDCHF,BUY,2.1,2.1,0.5,низ диапазона+RSI низкий,False,2025-08
2025-08-28 10:00:00+00:00,USDCHF,BUY,2.1,2.0475,0.475,низ диапазона+RSI низкий,True,2025-08
2025-08-29 10:00:00+00:00,EURJPY,SELL,1.2000000000000002,1.1400000000000001,0.45,верх диапазона,False,2025-08
2025-09-01 00:00:00+00:00,EURJPY,SELL,1.5,1.4249999999999998,0.45,верх диапазона+RSI высокий,True,2025-09
2025-09-01 05:00:00+00:00,USDCHF,BUY,1.2999999999999998,1.2674999999999998,0.475,низ диапазона,True,2025-09
2025-09-02 00:00:00+00:00,EURUSD,BUY,1.6,1.6,0.5,низ диапазона,False,2025-09
2025-09-02 05:00:00+00:00,EURUSD,BUY,1.6,1.56,0.475,низ диапазона,False,2025-09
2025-09-02 10:00:00+00:00,EURUSD,BUY,2.1,1.9949999999999999,0.45,низ диапазона+RSI низкий,True,2025-09
2025-09-02 20:00:00+00:00,EURJPY,BUY,1.2000000000000002,1.1400000000000001,0.45,RSI низкий,True,2025-09
2025-09-03 15:00:00+00:00,USDCHF,BUY,2.4,2.34,0.475,низ диапазона+RSI низкий,True,2025-09
2025-09-03 20:00:00+00:00,EURJPY,BUY,1.6,1.52,0.45,низ диапазона,False,2025-09
2025-09-04 00:00:00+00:00,EURJPY,BUY,2.4,2.28,0.45,низ диапазона+RSI низкий,True,2025-09
2025-09-05 00:00:00+00:00,EURUSD,SELL,1.2000000000000002,1.1400000000000001,0.45,верх диапазона,False,2025-09
2025-09-05 05:00:00+00:00,USDCHF,BUY,2.4,2.4,0.5,низ диапазона+RSI низкий,False,2025-09
2025-09-05 10:00:00+00:00,USDCHF,BUY,2.1,2.0475,0.475,низ диапазона+RSI низкий,False,2025-09
2025-09-05 15:00:00+00:00,USDCHF,BUY,2.1,2.0475,0.475,низ диапазона+RSI низкий,True,2025-09
2025-09-05 20:00:00+00:00,USDCHF,BUY,1.6,1.6,0.5,RSI низкий+импульс вверх,True,2025-09
2025-09-08 10:00:00+00:00,USDCHF,BUY,2.1,2.1,0.5,низ диапазона+RSI низкий,False,2025-09
2025-09-08 15:00:00+00:00,USDCHF,BUY,2.1,2.0475,0.475,низ диапазона+RSI низкий,False,2025-09
2025-09-08 20:00:00+00:00,USDCHF,BUY,2.1,2.0475,0.475,низ диапазона+RSI низкий,False,2025-09
2025-09-09 00:00:00+00:00,USDCHF,BUY,2.1,1.9949999999999999,0.45,низ диапазона+RSI низкий,False,2025-09
2025-09-09 05:00:00+00:00,EURJPY,BUY,2.4,2.34,0.475,низ диапазона+RSI низкий,False,2025-09
2025-09-09 10:00:00+00:00,EURJPY,BUY,2.1,1.9949999999999999,0.45,низ диапазона+RSI низкий,True,2025-09
2025-09-09 15:00:00+00:00,EURUSD,BUY,2.4,2.28,0.45,низ диапазона+RSI низкий,False,2025-09
2025-09-10 05:00:00+00:00,EURJPY,SELL,1.2000000000000002,1.1400000000000001,0.45,верх диапазона,True,2025-09
2025-09-12 20:00:00+00:00,EURUSD,BUY,1.1,1.045,0.45,импульс вверх,False,2025-09
2025-09-15 00:00:00+00:00,EURJPY,BUY,1.2000000000000002,1.1400000000000001,0.45,RSI низкий,False,2025-09
2025-09-17 10:00:00+00:00,EURJPY,BUY,2.9,2.8274999999999997,0.475,низ диапазона+RSI низкий,True,2025-09
2025-09-17 20:00:00+00:00,EURUSD,BUY,2.4,2.28,0.45,низ диапазона+RSI низкий,True,2025-09
2025-09-18 05:00:00+00:00,EURUSD,BUY,2.4,2.28,0.45,низ диапазона+RSI низкий,True,2025-09
2025-09-18 10:00:00+00:00,EURUSD,BUY,1.1,1.045,0.45,импульс вверх,False,2025-09
2025-09-18 15:00:00+00:00,EURJPY,SELL,1.5,1.4625,0.475,верх диапазона+RSI высокий,False,2025-09
2025-09-18 20:00:00+00:00,EURJPY,SELL,1.5,1.4625,0.475,верх диапазона+RSI высокий,True,2025-09
2025-09-19 00:00:00+00:00,EURUSD,BUY,1.2000000000000002,1.1400000000000001,0.45,RSI низкий,False,2025-09
2025-09-19 05:00:00+00:00,EURJPY,BUY,2.4,2.34,0.475,низ диапазона+RSI низкий,True,2025-09
2025-09-19 10:00:00+00:00,EURJPY,BUY,1.1,1.1,0.5,импульс вверх,False,2025-09
2025-09-19 15:00:00+00:00,EURJPY,BUY,1.2000000000000002,1.2000000000000002,0.5,RSI низкий,False,2025-09
2025-09-23 00:00:00+00:00,EURUSD,SELL,1.5,1.4249999999999998,0.45,верх диапазона+RSI высокий,True,2025-09
2025-09-23 15:00:00+00:00,EURUSD,BUY,1.2000000000000002,1.1700000000000002,0.475,RSI низкий,True,2025-09
2025-09-24 10:00:00+00:00,EURUSD,BUY,2.1,2.1,0.5,низ диапазона+RSI низкий,False,2025-09
2025-09-24 15:00:00+00:00,EURUSD,BUY,2.1,2.1,0.5,низ диапазона+RSI низкий,False,2025-09
2025-09-24 20:00:00+00:00,EURUSD,BUY,2.1,2.1,0.5,низ диапазона+RSI низкий,True,2025-09
2025-09-25 15:00:00+00:00,EURUSD,BUY,2.1,2.1,0.5,низ диапазона+RSI низкий,False,2025-09
2025-09-25 20:00:00+00:00,EURUSD,BUY,2.1,2.0475,0.475,низ диапазона+RSI низкий,True,2025-09
2025-09-29 05:00:00+00:00,EURUSD,SELL,2.3000000000000003,2.2425,0.475,верх диапазона+RSI высокий,True,2025-09
2025-09-29 15:00:00+00:00,EURJPY,BUY,1.2000000000000002,1.1700000000000002,0.475,RSI низкий,False,2025-09
2025-09-30 05:00:00+00:00,EURJPY,BUY,1.2999999999999998,1.2674999999999998,0.475,низ диапазона,False,2025-09
2025-09-30 20:00:00+00:00,EURJPY,BUY,2.1,1.9949999999999999,0.45,низ диапазона+RSI низкий,True,2025-09
2025-10-01 05:00:00+00:00,EURJPY,BUY,1.2999999999999998,1.2349999999999999,0.45,низ диапазона,False,2025-10
2025-10-01 10:00:00+00:00,EURJPY,BUY,2.1,1.9949999999999999,0.45,низ диапазона+RSI низкий,True,2025-10
2025-10-01 15:00:00+00:00,EURJPY,BUY,2.1,1.9949999999999999,0.45,низ диапазона+RSI низкий,True,2025-10
2025-10-01 20:00:00+00:00,EURJPY,BUY,2.1,1.9949999999999999,0.45,низ диапазона+RSI низкий,True,2025-10
2025-10-02 15:00:00+00:00,EURUSD,BUY,2.1,2.1,0.5,низ диапазона+RSI низкий,True,2025-10
2025-10-03 05:00:00+00:00,EURJPY,SELL,1.3000000000000003,1.3325000000000002,0.525,верх диапазона+RSI высокий+импульс вверх,True,2025-10
2025-10-06 05:00:00+00:00,EURUSD,BUY,1.6,1.6,0.5,низ диапазона+RSI низкий,False,2025-10
2025-10-06 10:00:00+00:00,EURUSD,BUY,2.1,2.1,0.5,низ диапазона+RSI низкий,True,2025-10
2025-10-07 00:00:00+00:00,EURJPY,SELL,1.5,1.5374999999999999,0.525,верх диапазона+RSI высокий,True,2025-10
2025-10-07 20:00:00+00:00,EURUSD,BUY,1.2999999999999998,1.3324999999999998,0.525,низ диапазона,False,2025-10
2025-10-08 00:00:00+00:00,EURUSD,BUY,2.1,2.1,0.5,низ диапазона+RSI низкий,False,2025-10
2025-10-08 05:00:00+00:00,EURUSD,BUY,2.1,2.1,0.5,низ диапазона+RSI низкий,True,2025-10
2025-10-08 15:00:00+00:00,EURUSD,BUY,1.2999999999999998,1.3324999999999998,0.525,низ диапазона,True,2025-10
2025-10-09 00:00:00+00:00,EURUSD,SELL,1.2000000000000002,1.2600000000000002,0.55,верх диапазона,False,2025-10
2025-10-09 05:00:00+00:00,EURUSD,SELL,1.2000000000000002,1.2600000000000002,0.55,RSI высокий,True,2025-10
2025-10-09 15:00:00+00:00,EURJPY,BUY,2.4,2.52,0.55,низ диапазона+RSI низкий,True,2025-10
2025-10-09 20:00:00+00:00,EURUSD,BUY,2.1,2.2575,0.575,низ диапазона+RSI низкий,False,2025-10
2025-10-10 00:00:00+00:00,EURJPY,BUY,2.4,2.4599999999999995,0.525,низ диапазона+RSI низкий,False,2025-10
2025-10-10 20:00:00+00:00,EURJPY,BUY,2.9,2.9724999999999997,0.525,низ диапазона+RSI низкий,True,2025-10
2025-10-13 10:00:00+00:00,USDCHF,BUY,1.1,1.045,0.45,импульс вверх,True,2025-10
2025-10-14 00:00:00+00:00,EURUSD,BUY,1.2999999999999998,1.3974999999999997,0.575,низ диапазона,True,2025-10
2025-10-14 05:00:00+00:00,EURJPY,BUY,2.9,2.9724999999999997,0.525,низ диапазона+RSI низкий,False,2025-10
2025-10-14 10:00:00+00:00,EURJPY,BUY,2.1,2.1,0.5,низ диапазона+RSI низкий,True,2025-10
2025-10-14 15:00:00+00:00,USDCHF,BUY,1.6,1.56,0.475,низ диапазона,False,2025-10
2025-10-14 20:00:00+00:00,EURUSD,SELL,2.0,2.2,0.6,верх диапазона+RSI высокий,False,2025-10
2025-10-15 00:00:00+00:00,EURUSD,SELL,2.0,2.2,0.6,верх диапазона+RSI высокий,False,2025-10
2025-10-15 05:00:00+00:00,EURUSD,SELL,1.5,1.6124999999999998,0.575,верх диапазона,False,2025-10
2025-10-15 20:00:00+00:00,USDCHF,BUY,2.1,1.9949999999999999,0.45,низ диапазона+RSI низкий,False,2025-10
2025-10-16 05:00:00+00:00,EURJPY,BUY,1.1,1.1550000000000002,0.55,импульс вверх,True,2025-10
2025-10-16 20:00:00+00:00,USDCHF,BUY,2.1,1.9949999999999999,0.45,низ диапазона+RSI низкий,False,2025-10
2025-10-17 00:00:00+00:00,USDCHF,BUY,2.1,1.9949999999999999,0.45,низ диапазона+RSI низкий,False,2025-10
2025-10-17 05:00:00+00:00,USDCHF,BUY,2.1,1.9949999999999999,0.45,низ диапазона+RSI низкий,True,2025-10
2025-10-17 15:00:00+00:00,EURUSD,BUY,1.2000000000000002,1.2600000000000002,0.55,RSI низкий,False,2025-10
2025-10-17 20:00:00+00:00,EURUSD,BUY,2.4,2.52,0.55,низ диапазона+RSI низкий,True,2025-10
2025-10-20 00:00:00+00:00,EURJPY,SELL,1.3000000000000003,1.3650000000000004,0.55,верх диапазона+RSI высокий+импульс вверх,True,2025-10
2025-10-20 10:00:00+00:00,EURUSD,BUY,1.6,1.6800000000000002,0.55,низ диапазона,True,2025-10
2025-10-20 20:00:00+00:00,EURUSD,BUY,2.1,2.205,0.55,низ диапазона+RSI низкий,True,2025-10
2025-10-21 05:00:00+00:00,EURUSD,BUY,2.1,2.2575,0.575,низ диапазона+RSI низкий,False,2025-10
2025-10-21 10:00:00+00:00,EURUSD,BUY,2.1,2.2575,0.575,низ диапазона+RSI низкий,False,2025-10
2025-10-21 20:00:00+00:00,EURUSD,BUY,2.1,2.205,0.55,низ диапазона+RSI низкий,True,2025-10
2025-10-22 00:00:00+00:00,EURJPY,BUY,1.2000000000000002,1.29,0.575,RSI низкий,True,2025-10
2025-10-22 10:00:00+00:00,EURJPY,BUY,1.6,1.72,0.575,низ диапазона,True,2025-10
2025-10-22 15:00:00+00:00,EURJPY,BUY,1.1,1.1825,0.575,импульс вверх,True,2025-10
2025-10-23 00:00:00+00:00,EURJPY,SELL,1.5,1.6500000000000001,0.6,верх диапазона+RSI высокий,False,2025-10
2025-10-23 05:00:00+00:00,EURJPY,SELL,1.5,1.6124999999999998,0.575,верх диапазона+RSI высокий,False,2025-10
2025-10-23 10:00:00+00:00,EURUSD,BUY,2.1,2.2575,0.575,низ диапазона+RSI низкий,True,2025-10
2025-10-23 20:00:00+00:00,EURUSD,SELL,2.0,2.15,0.575,верх диапазона+RSI высокий,True,2025-10
2025-10-24 00:00:00+00:00,EURUSD,SELL,2.0,2.2,0.6,верх диапазона+RSI высокий,True,2025-10
2025-10-24 10:00:00+00:00,USDCHF,SELL,2.0,1.95,0.475,верх диапазона+RSI высокий,True,2025-10
2025-10-27 05:00:00+00:00,EURJPY,SELL,1.5,1.5750000000000002,0.55,верх диапазона+RSI высокий,True,2025-10
2025-10-28 00:00:00+00:00,EURJPY,BUY,1.6,1.6800000000000002,0.55,низ диапазона,False,2025-10
2025-10-28 05:00:00+00:00,EURJPY,BUY,2.9,3.045,0.55,низ диапазона+RSI низкий,False,2025-10
2025-10-28 10:00:00+00:00,EURJPY,BUY,2.9,2.9724999999999997,0.525,низ диапазона+RSI низкий,True,2025-10
2025-10-28 15:00:00+00:00,USDCHF,BUY,1.2999999999999998,1.3324999999999998,0.525,низ диапазона,True,2025-10
2025-10-29 00:00:00+00:00,EURJPY,BUY,2.1,2.1525,0.525,низ диапазона,True,2025-10
2025-10-29 05:00:00+00:00,EURUSD,BUY,2.4,2.6999999999999997,0.625,низ диапазона+RSI низкий,True,2025-10
2025-10-30 15:00:00+00:00,EURUSD,BUY,2.1,2.415,0.65,низ диапазона+RSI низкий,True,2025-10
2025-10-30 20:00:00+00:00,EURUSD,BUY,2.1,2.415,0.65,низ диапазона+RSI низкий,True,2025-10
2025-10-31 00:00:00+00:00,EURJPY,BUY,1.2000000000000002,1.29,0.575,RSI низкий,False,2025-10
2025-10-31 10:00:00+00:00,EURJPY,BUY,1.1,1.1825,0.575,импульс вверх,False,2025-10
2025-10-31 20:00:00+00:00,EURJPY,BUY,2.4,2.52,0.55,низ диапазона+RSI низкий,True,2025-10
2025-11-03 00:00:00+00:00,EURUSD,BUY,2.1,2.4675000000000002,0.675,низ диапазона+RSI низкий,True,2025-11
2025-11-03 10:00:00+00:00,EURJPY,BUY,2.1,2.2575,0.575,низ диапазона,True,2025-11
2025-11-04 00:00:00+00:00,EURUSD,BUY,1.2999999999999998,1.5599999999999998,0.7,низ диапазона,True,2025-11
2025-11-04 05:00:00+00:00,EURJPY,BUY,2.1,2.3100000000000005,0.6,низ диапазона+RSI низкий,False,2025-11
2025-11-04 10:00:00+00:00,EURJPY,BUY,2.1,2.3100000000000005,0.6,низ диапазона+RSI низкий,False,2025-11
2025-11-04 15:00:00+00:00,EURJPY,BUY,2.1,2.3100000000000005,0.6,низ диапазона+RSI низкий,True,2025-11
2025-11-04 20:00:00+00:00,EURUSD,BUY,2.1,2.4675000000000002,0.675,низ диапазона+RSI низкий,True,2025-11
2025-11-05 00:00:00+00:00,EURUSD,BUY,2.1,2.4675000000000002,0.675,низ диапазона+RSI низкий,True,2025-11
2025-11-05 15:00:00+00:00,EURJPY,SELL,1.3000000000000003,1.4625000000000004,0.625,верх диапазона+RSI высокий+импульс вверх,True,2025-11
2025-11-05 20:00:00+00:00,EURJPY,SELL,1.2000000000000002,1.35,0.625,верх диапазона,False,2025-11
2025-11-06 00:00:00+00:00,USDCHF,BUY,1.6,1.64,0.525,низ диапазона,True,2025-11
2025-11-06 05:00:00+00:00,USDCHF,BUY,2.4,2.4599999999999995,0.525,низ диапазона+RSI низкий,True,2025-11
2025-11-06 10:00:00+00:00,EURUSD,SELL,1.2000000000000002,1.4400000000000002,0.7,RSI высокий,False,2025-11
2025-11-06 15:00:00+00:00,USDCHF,BUY,2.1,2.205,0.55,низ диапазона,False,2025-11
2025-11-06 20:00:00+00:00,USDCHF,BUY,2.9,3.045,0.55,низ диапазона+RSI низкий,True,2025-11
2025-11-07 00:00:00+00:00,USDCHF,BUY,1.2000000000000002,1.2600000000000002,0.55,RSI низкий,True,2025-11
2025-11-07 10:00:00+00:00,EURUSD,SELL,1.5,1.7625000000000002,0.675,верх диапазона,False,2025-11
2025-11-07 15:00:00+00:00,USDCHF,BUY,1.7000000000000002,1.8275000000000001,0.575,RSI низкий,True,2025-11
2025-11-10 00:00:00+00:00,USDCHF,BUY,1.1,1.2100000000000002,0.6,импульс вверх,False,2025-11
2025-11-10 05:00:00+00:00,EURJPY,SELL,1.5,1.5750000000000002,0.55,верх диапазона+RSI высокий,False,2025-11
2025-11-10 15:00:00+00:00,EURUSD,BUY,1.6,1.8800000000000001,0.675,низ диапазона,True,2025-11
2025-11-10 20:00:00+00:00,USDCHF,BUY,1.6,1.72,0.575,низ диапазона+RSI низкий,True,2025-11
2025-11-11 05:00:00+00:00,USDCHF,BUY,2.1,2.3100000000000005,0.6,низ диапазона+RSI низкий,False,2025-11
2025-11-11 10:00:00+00:00,USDCHF,BUY,2.1,2.2575,0.575,низ диапазона+RSI низкий,False,2025-11
2025-11-11 15:00:00+00:00,USDCHF,BUY,2.1,2.205,0.55,низ диапазона+RSI низкий,True,2025-11
2025-11-12 05:00:00+00:00,EURUSD,BUY,1.2000000000000002,1.4100000000000004,0.675,RSI низкий,False,2025-11
2025-11-12 10:00:00+00:00,EURUSD,BUY,1.6,1.8399999999999999,0.65,низ диапазона,True,2025-11
2025-11-12 15:00:00+00:00,USDCHF,BUY,2.1,2.2575,0.575,низ диапазона+RSI низкий,True,2025-11
2025-11-12 20:00:00+00:00,EURJPY,SELL,1.5,1.5374999999999999,0.525,верх диапазона+RSI высокий,True,2025-11
2025-11-13 05:00:00+00:00,USDCHF,SELL,2.0,2.15,0.575,верх диапазона+RSI высокий,True,2025-11
2025-11-13 15:00:00+00:00,USDCHF,BUY,2.1,2.3100000000000005,0.6,низ диапазона+RSI низкий,True,2025-11
2025-11-14 05:00:00+00:00,EURJPY,SELL,1.5,1.5750000000000002,0.55,верх диапазона+RSI высокий,True,2025-11
2025-11-14 10:00:00+00:00,EURUSD,BUY,1.6,1.8800000000000001,0.675,низ диапазона,False,2025-11
2025-11-14 15:00:00+00:00,EURUSD,BUY,1.6,1.8399999999999999,0.65,низ диапазона,True,2025-11
2025-11-14 20:00:00+00:00,USDCHF,SELL,1.2000000000000002,1.3200000000000003,0.6,верх диапазона,False,2025-11
2025-11-17 00:00:00+00:00,EURUSD,BUY,1.6,1.8399999999999999,0.65,низ диапазона,False,2025-11
2025-11-17 05:00:00+00:00,EURUSD,BUY,2.9,3.3349999999999995,0.65,низ диапазона+RSI низкий,False,2025-11
2025-11-17 10:00:00+00:00,EURUSD,BUY,2.9,3.2624999999999997,0.625,низ диапазона+RSI низкий,True,2025-11
2025-11-17 20:00:00+00:00,EURUSD,BUY,2.1,2.3625000000000003,0.625,низ диапазона,True,2025-11
2025-11-18 00:00:00+00:00,EURUSD,BUY,2.1,2.3625000000000003,0.625,низ диапазона,True,2025-11
2025-11-18 10:00:00+00:00,EURUSD,BUY,2.1,2.415,0.65,низ диапазона,False,2025-11
2025-11-18 15:00:00+00:00,EURUSD,BUY,1.6,1.8399999999999999,0.65,низ диапазона,False,2025-11
2025-11-18 20:00:00+00:00,USDCHF,SELL,1.5,1.5374999999999999,0.525,верх диапазона+RSI высокий,False,2025-11
2025-11-19 10:00:00+00:00,EURUSD,BUY,1.2999999999999998,1.4949999999999997,0.65,низ диапазона,False,2025-11
2025-11-19 15:00:00+00:00,EURUSD,BUY,2.1,2.3625000000000003,0.625,низ диапазона+RSI низкий,False,2025-11
2025-11-19 20:00:00+00:00,EURUSD,BUY,2.1,2.3625000000000003,0.625,низ диапазона+RSI низкий,False,2025-11
2025-11-20 05:00:00+00:00,EURUSD,BUY,2.1,2.3100000000000005,0.6,низ диапазона+RSI низкий,True,2025-11
2025-11-21 05:00:00+00:00,USDCHF,BUY,2.4,2.4599999999999995,0.525,низ диапазона+RSI низкий,True,2025-11
2025-11-21 10:00:00+00:00,EURJPY,BUY,2.4,2.4599999999999995,0.525,низ диапазона+RSI низкий,False,2025-11
2025-11-21 15:00:00+00:00,EURJPY,BUY,2.9,2.9,0.5,низ диапазона+RSI низкий,True,2025-11
2025-11-21 20:00:00+00:00,EURJPY,BUY,2.9,2.9,0.5,низ диапазона+RSI низкий,True,2025-11
2025-11-24 10:00:00+00:00,USDCHF,BUY,1.6,1.6800000000000002,0.55,низ диапазона,True,2025-11
2025-11-24 15:00:00+00:00,USDCHF,BUY,1.1,1.1825,0.575,импульс вверх,True,2025-11
2025-11-25 05:00:00+00:00,EURJPY,BUY,2.4,2.4,0.5,низ диапазона+RSI низкий,False,2025-11
2025-11-25 10:00:00+00:00,EURJPY,BUY,1.2000000000000002,1.1700000000000002,0.475,RSI низкий,True,2025-11
2025-11-26 00:00:00+00:00,EURJPY,SELL,1.2000000000000002,1.1700000000000002,0.475,верх диапазона+RSI высокий,False,2025-11
2025-11-26 05:00:00+00:00,USDCHF,BUY,2.1,2.2575,0.575,низ диапазона,True,2025-11
2025-11-26 10:00:00+00:00,USDCHF,BUY,1.1,1.2100000000000002,0.6,импульс вверх,False,2025-11
2025-11-26 20:00:00+00:00,EURJPY,SELL,1.5,1.4625,0.475,верх диапазона+RSI высокий,True,2025-11
2025-11-27 00:00:00+00:00,USDCHF,BUY,2.1,2.2575,0.575,низ диапазона+RSI низкий,True,2025-11
2025-11-27 05:00:00+00:00,USDCHF,BUY,2.1,2.3100000000000005,0.6,низ диапазона+RSI низкий,True,2025-11
2025-11-27 10:00:00+00:00,EURUSD,BUY,1.6,1.72,0.575,низ диапазона,True,2025-11
2025-11-28 10:00:00+00:00,EURUSD,BUY,2.9,3.19,0.6,низ диапазона+RSI низкий,True,2025-11
2025-11-28 15:00:00+00:00,USDCHF,BUY,2.1,2.2575,0.575,низ диапазона+RSI низкий,True,2025-11
2025-12-01 00:00:00+00:00,EURUSD,SELL,1.2000000000000002,1.35,0.625,верх диапазона+RSI высокий,True,2025-12
2025-12-02 00:00:00+00:00,EURJPY,SELL,1.2000000000000002,1.2600000000000002,0.55,верх диапазона,False,2025-12
2025-12-02 05:00:00+00:00,EURUSD,BUY,2.4,2.6999999999999997,0.625,низ диапазона+RSI низкий,False,2025-12
2025-12-02 10:00:00+00:00,EURUSD,BUY,1.6,1.7600000000000002,0.6,низ диапазона,False,2025-12
2025-12-02 20:00:00+00:00,USDCHF,BUY,1.6,1.7600000000000002,0.6,низ диапазона+RSI низкий,False,2025-12
2025-12-03 00:00:00+00:00,USDCHF,BUY,1.6,1.72,0.575,низ диапазона+RSI низкий,False,2025-12
2025-12-03 05:00:00+00:00,USDCHF,BUY,2.1,2.205,0.55,низ диапазона+RSI низкий,False,2025-12
2025-12-03 10:00:00+00:00,USDCHF,BUY,2.1,2.1525,0.525,низ диапазона+RSI низкий,False,2025-12
2025-12-03 15:00:00+00:00,EURJPY,BUY,1.6,1.6800000000000002,0.55,низ диапазона,True,2025-12
2025-12-03 20:00:00+00:00,USDCHF,BUY,1.2999999999999998,1.3324999999999998,0.525,низ диапазона,True,2025-12
2025-12-04 00:00:00+00:00,EURJPY,BUY,2.4,2.52,0.55,низ диапазона+RSI низкий,True,2025-12
2025-12-04 10:00:00+00:00,EURJPY,BUY,2.9,3.045,0.55,низ диапазона+RSI низкий,False,2025-12
2025-12-04 15:00:00+00:00,EURJPY,BUY,2.1,2.1525,0.525,низ диапазона+RSI низкий,True,2025-12
2025-12-04 20:00:00+00:00,EURUSD,BUY,1.6,1.6800000000000002,0.55,низ диапазона,True,2025-12
2025-12-05 05:00:00+00:00,EURJPY,BUY,1.2999999999999998,1.3649999999999998,0.55,низ диапазона,True,2025-12
2025-12-05 20:00:00+00:00,EURJPY,SELL,1.2000000000000002,1.29,0.575,верх диапазона+RSI высокий,True,2025-12
2025-12-08 05:00:00+00:00,EURJPY,SELL,1.2000000000000002,1.29,0.575,верх диапазона,False,2025-12
2025-12-08 15:00:00+00:00,EURUSD,BUY,2.9,3.045,0.55,низ диапазона+RSI низкий,True,2025-12
2025-12-08 20:00:00+00:00,EURUSD,BUY,1.2000000000000002,1.2600000000000002,0.55,RSI низкий,True,2025-12
2025-12-09 00:00:00+00:00,EURJPY,SELL,1.5,1.5750000000000002,0.55,верх диапазона+RSI высокий,False,2025-12
2025-12-09 05:00:00+00:00,EURJPY,SELL,1.5,1.5374999999999999,0.525,верх диапазона+RSI высокий,False,2025-12
2025-12-09 15:00:00+00:00,EURUSD,BUY,1.2000000000000002,1.2600000000000002,0.55,RSI низкий,False,2025-12
2025-12-10 05:00:00+00:00,USDCHF,BUY,1.2000000000000002,1.2600000000000002,0.55,RSI низкий,False,2025-12
2025-12-10 15:00:00+00:00,USDCHF,BUY,2.1,2.1525,0.525,низ диапазона+RSI низкий,False,2025-12
2025-12-10 20:00:00+00:00,USDCHF,BUY,2.1,2.1,0.5,низ диапазона+RSI низкий,False,2025-12
2025-12-11 00:00:00+00:00,USDCHF,BUY,2.1,2.0475,0.475,низ диапазона+RSI низкий,True,2025-12
2025-12-11 05:00:00+00:00,USDCHF,BUY,2.1,2.1,0.5,низ диапазона+RSI низкий,False,2025-12
2025-12-11 10:00:00+00:00,USDCHF,BUY,2.1,2.0475,0.475,низ диапазона+RSI низкий,False,2025-12
2025-12-11 15:00:00+00:00,USDCHF,BUY,2.1,1.9949999999999999,0.45,низ диапазона+RSI низкий,True,2025-12
2025-12-11 20:00:00+00:00,USDCHF,BUY,1.6,1.52,0.45,RSI низкий+импульс вверх,False,2025-12
2025-12-12 05:00:00+00:00,EURJPY,SELL,1.5,1.5374999999999999,0.525,верх диапазона+RSI высокий,False,2025-12
2025-12-12 10:00:00+00:00,EURUSD,BUY,2.1,2.1525,0.525,низ диапазона+RSI низкий,True,2025-12
2025-12-12 20:00:00+00:00,USDCHF,SELL,1.2000000000000002,1.1400000000000001,0.45,верх диапазона,False,2025-12
2025-12-15 05:00:00+00:00,EURJPY,BUY,2.9,2.9724999999999997,0.525,низ диапазона+RSI низкий,True,2025-12
2025-12-15 10:00:00+00:00,EURJPY,BUY,1.7000000000000002,1.7425,0.525,RSI низкий,True,2025-12
2025-12-15 15:00:00+00:00,EURJPY,BUY,1.1,1.1550000000000002,0.55,импульс вверх,False,2025-12
2025-12-16 05:00:00+00:00,EURJPY,BUY,2.9,2.9724999999999997,0.525,низ диапазона+RSI низкий,True,2025-12
2025-12-16 10:00:00+00:00,EURJPY,BUY,1.2000000000000002,1.23,0.525,RSI низкий,True,2025-12
2025-12-16 20:00:00+00:00,EURUSD,BUY,1.6,1.64,0.525,низ диапазона,False,2025-12
2025-12-17 00:00:00+00:00,EURJPY,BUY,2.1,2.205,0.55,низ диапазона+RSI низкий,True,2025-12
2025-12-17 05:00:00+00:00,EURUSD,BUY,2.9,2.8274999999999997,0.475,низ диапазона+RSI низкий,False,2025-12
2025-12-17 10:00:00+00:00,EURUSD,BUY,1.7000000000000002,1.6575000000000002,0.475,RSI низкий,True,2025-12
2025-12-17 20:00:00+00:00,EURJPY,SELL,1.5,1.6124999999999998,0.575,верх диапазона+RSI высокий,False,2025-12
2025-12-18 15:00:00+00:00,EURJPY,BUY,1.6,1.6800000000000002,0.55,низ диапазона,True,2025-12
2025-12-18 20:00:00+00:00,EURJPY,BUY,2.4,2.5799999999999996,0.575,низ диапазона+RSI низкий,True,2025-12
2025-12-19 00:00:00+00:00,EURJPY,BUY,1.1,1.2100000000000002,0.6,импульс вверх,True,2025-12
2025-12-19 05:00:00+00:00,EURUSD,BUY,1.6,1.56,0.475,низ диапазона,False,2025-12
2025-12-19 15:00:00+00:00,EURJPY,SELL,1.5,1.6875,0.625,верх диапазона+RSI высокий,False,2025-12
2025-12-19 20:00:00+00:00,EURJPY,SELL,1.5,1.6500000000000001,0.6,верх диапазона+RSI высокий,True,2025-12
2025-12-22 10:00:00+00:00,USDCHF,BUY,1.6,1.52,0.45,низ диапазона+RSI низкий,False,2025-12
2025-12-22 15:00:00+00:00,USDCHF,BUY,2.1,1.9949999999999999,0.45,низ диапазона+RSI низкий,False,2025-12
2025-12-23 00:00:00+00:00,EURJPY,BUY,2.4,2.64,0.6,низ диапазона+RSI низкий,False,2025-12
2025-12-23 05:00:00+00:00,EURJPY,BUY,2.9,3.1174999999999997,0.575,низ диапазона+RSI низкий,True,2025-12
2025-12-23 20:00:00+00:00,EURJPY,SELL,1.2000000000000002,1.35,0.625,верх диапазона+RSI высокий,True,2025-12
2025-12-24 15:00:00+00:00,EURUSD,BUY,2.4,2.34,0.475,низ диапазона+RSI низкий,True,2025-12
2025-12-25 00:00:00+00:00,EURJPY,BUY,1.2000000000000002,1.3800000000000001,0.65,RSI низкий,False,2025-12
2025-12-25 20:00:00+00:00,USDCHF,BUY,2.1,1.9949999999999999,0.45,низ диапазона+RSI низкий,True,2025-12
2025-12-26 10:00:00+00:00,USDCHF,SELL,1.3000000000000003,1.2675000000000003,0.475,верх диапазона+RSI высокий+импульс вверх,True,2025-12
2025-12-29 05:00:00+00:00,EURUSD,BUY,2.9,2.9,0.5,низ диапазона+RSI низкий,True,2025-12
2025-12-29 10:00:00+00:00,USDCHF,SELL,1.2000000000000002,1.1700000000000002,0.475,верх диапазона,True,2025-12
2025-12-29 15:00:00+00:00,EURJPY,BUY,2.4,2.6999999999999997,0.625,низ диапазона+RSI низкий,True,2025-12
2025-12-30 00:00:00+00:00,EURJPY,BUY,1.1,1.265,0.65,импульс вверх,False,2025-12
2025-12-30 15:00:00+00:00,EURJPY,BUY,1.1,1.2375,0.625,импульс вверх,False,2025-12
2025-12-31 00:00:00+00:00,EURUSD,BUY,2.1,2.1,0.5,низ диапазона+RSI низкий,False,2025-12
2025-12-31 05:00:00+00:00,USDCHF,SELL,1.5,1.4249999999999998,0.45,верх диапазона+RSI высокий,False,2025-12
2026-01-01 00:00:00+00:00,EURJPY,SELL,1.2000000000000002,1.35,0.625,верх диапазона+RSI высокий,True,2026-01
2026-01-02 10:00:00+00:00,EURUSD,BUY,2.1,2.1,0.5,низ диапазона+RSI низкий,True,2026-01
2026-01-02 15:00:00+00:00,USDCHF,BUY,1.6,1.52,0.45,низ диапазона,True,2026-01
2026-01-02 20:00:00+00:00,EURJPY,BUY,2.4,2.6999999999999997,0.625,низ диапазона+RSI низкий,False,2026-01
2026-01-05 00:00:00+00:00,EURUSD,BUY,1.2999999999999998,1.2999999999999998,0.5,низ диапазона,False,2026-01
2026-01-05 05:00:00+00:00,EURUSD,BUY,2.1,2.1,0.5,низ диапазона+RSI низкий,True,2026-01
2026-01-05 10:00:00+00:00,EURJPY,BUY,2.1,2.3100000000000005,0.6,низ диапазона+RSI низкий,True,2026-01
2026-01-06 00:00:00+00:00,USDCHF,BUY,1.6,1.56,0.475,низ диапазона+RSI низкий,False,2026-01
2026-01-06 05:00:00+00:00,EURUSD,SELL,2.0,2.05,0.525,верх диапазона+RSI высокий,True,2026-01
2026-01-06 15:00:00+00:00,EURJPY,BUY,2.1,2.3100000000000005,0.6,низ диапазона+RSI низкий,False,2026-01
2026-01-06 20:00:00+00:00,EURJPY,BUY,2.1,2.3100000000000005,0.6,низ диапазона+RSI низкий,True,2026-01
2026-01-07 00:00:00+00:00,USDCHF,SELL,1.5,1.5,0.5,верх диапазона+RSI высокий,True,2026-01
2026-01-07 05:00:00+00:00,EURJPY,BUY,1.2999999999999998,1.4625,0.625,низ диапазона,True,2026-01
2026-01-07 20:00:00+00:00,EURUSD,BUY,2.1,2.1,0.5,низ диапазона+RSI низкий,False,2026-01
2026-01-08 00:00:00+00:00,EURUSD,BUY,2.1,2.1,0.5,низ диапазона+RSI низкий,True,2026-01
2026-01-08 20:00:00+00:00,USDCHF,SELL,1.5,1.5374999999999999,0.525,верх диапазона+RSI высокий,False,2026-01
2026-01-09 10:00:00+00:00,EURJPY,SELL,1.5,1.6875,0.625,верх диапазона+RSI высокий,False,2026-01
2026-01-09 15:00:00+00:00,EURJPY,SELL,1.5,1.6500000000000001,0.6,верх диапазона+RSI высокий,True,2026-01
2026-01-12 00:00:00+00:00,USDCHF,BUY,2.4,2.4599999999999995,0.525,низ диапазона+RSI низкий,True,2026-01
2026-01-12 05:00:00+00:00,USDCHF,BUY,2.4,2.52,0.55,низ диапазона+RSI низкий,False,2026-01
2026-01-12 10:00:00+00:00,EURUSD,SELL,2.3000000000000003,2.3575,0.525,верх диапазона+RSI высокий,True,2026-01
2026-01-12 15:00:00+00:00,EURJPY,SELL,1.5,1.6500000000000001,0.6,верх диапазона+RSI высокий,True,2026-01
2026-01-12 20:00:00+00:00,USDCHF,BUY,1.1,1.1275,0.525,импульс вверх,True,2026-01
2026-01-13 05:00:00+00:00,EURUSD,BUY,1.6,1.6800000000000002,0.55,низ диапазона+RSI низкий,True,2026-01
2026-01-14 00:00:00+00:00,EURUSD,BUY,1.6,1.6800000000000002,0.55,низ диапазона+RSI низкий,False,2026-01
2026-01-14 05:00:00+00:00,EURJPY,SELL,1.5,1.6500000000000001,0.6,верх диапазона+RSI высокий,True,2026-01
2026-01-14 10:00:00+00:00,EURJPY,BUY,2.4,2.64,0.6,низ диапазона+RSI низкий,False,2026-01
2026-01-14 15:00:00+00:00,EURJPY,BUY,2.9,3.19,0.6,низ диапазона+RSI низкий,True,2026-01
2026-01-14 20:00:00+00:00,EURJPY,BUY,1.9,2.1374999999999997,0.625,RSI низкий+импульс вверх,False,2026-01
2026-01-15 00:00:00+00:00,EURJPY,BUY,2.4,2.6999999999999997,0.625,низ диапазона+RSI низкий,False,2026-01
2026-01-15 05:00:00+00:00,EURUSD,BUY,2.1,2.205,0.55,низ диапазона+RSI низкий,True,2026-01
2026-01-15 15:00:00+00:00,EURUSD,BUY,2.1,2.205,0.55,низ диапазона+RSI низкий,True,2026-01
2026-01-15 20:00:00+00:00,USDCHF,SELL,1.5,1.5750000000000002,0.55,верх диапазона+RSI высокий,True,2026-01
2026-01-16 00:00:00+00:00,USDCHF,SELL,1.5,1.6124999999999998,0.575,верх диапазона+RSI высокий,True,2026-01
2026-01-16 10:00:00+00:00,USDCHF,BUY,2.4,2.5799999999999996,0.575,низ диапазона+RSI низкий,True,2026-01
2026-01-16 15:00:00+00:00,EURJPY,BUY,2.1,2.3625000000000003,0.625,низ диапазона+RSI низкий,True,2026-01
2026-01-16 20:00:00+00:00,EURJPY,BUY,2.1,2.3625000000000003,0.625,низ диапазона+RSI низкий,True,2026-01
2026-01-19 00:00:00+00:00,USDCHF,BUY,2.9,3.2624999999999997,0.625,низ диапазона+RSI низкий,True,2026-01
2026-01-19 05:00:00+00:00,USDCHF,BUY,1.2999999999999998,1.4625,0.625,низ диапазона,True,2026-01
2026-01-19 10:00:00+00:00,USDCHF,BUY,1.6,1.8399999999999999,0.65,низ диапазона+RSI низкий,False,2026-01
2026-01-19 15:00:00+00:00,USDCHF,BUY,2.1,2.415,0.65,низ диапазона+RSI низкий,True,2026-01
2026-01-19 20:00:00+00:00,EURUSD,SELL,2.3000000000000003,2.4725,0.575,верх диапазона+RSI высокий,True,2026-01
2026-01-20 05:00:00+00:00,USDCHF,BUY,1.2999999999999998,1.5274999999999999,0.675,низ диапазона,False,2026-01
2026-01-20 10:00:00+00:00,USDCHF,BUY,2.1,2.4675000000000002,0.675,низ диапазона+RSI низкий,True,2026-01
2026-01-20 15:00:00+00:00,EURJPY,SELL,1.5,1.6875,0.625,верх диапазона+RSI высокий,False,2026-01
2026-01-20 20:00:00+00:00,EURJPY,SELL,1.5,1.6500000000000001,0.6,верх диапазона+RSI высокий,True,2026-01
2026-01-21 05:00:00+00:00,EURUSD,BUY,1.2999999999999998,1.43,0.6,низ диапазона,False,2026-01
2026-01-21 10:00:00+00:00,EURUSD,BUY,1.6,1.72,0.575,низ диапазона,False,2026-01
2026-01-21 15:00:00+00:00,EURUSD,BUY,1.6,1.6800000000000002,0.55,низ диапазона,False,2026-01
2026-01-21 20:00:00+00:00,EURUSD,BUY,2.4,2.4599999999999995,0.525,низ диапазона+RSI низкий,True,2026-01
2026-01-22 15:00:00+00:00,USDCHF,BUY,2.1,2.4675000000000002,0.675,низ диапазона+RSI низкий,False,2026-01
2026-01-22 20:00:00+00:00,USDCHF,BUY,2.1,2.415,0.65,низ диапазона+RSI низкий,True,2026-01
2026-01-23 00:00:00+00:00,USDCHF,BUY,2.1,2.4675000000000002,0.675,низ диапазона+RSI низкий,True,2026-01
2026-01-23 05:00:00+00:00,EURJPY,SELL,1.5,1.6500000000000001,0.6,верх диапазона+RSI высокий,True,2026-01
2026-01-23 20:00:00+00:00,USDCHF,BUY,2.1,2.4675000000000002,0.675,низ диапазона+RSI низкий,False,2026-01
2026-01-26 00:00:00+00:00,USDCHF,BUY,2.1,2.415,0.65,низ диапазона+RSI низкий,False,2026-01
2026-01-26 05:00:00+00:00,USDCHF,BUY,2.1,2.3625000000000003,0.625,низ диапазона+RSI низкий,False,2026-01
2026-01-26 10:00:00+00:00,USDCHF,BUY,2.1,2.3100000000000005,0.6,низ диапазона+RSI низкий,False,2026-01
2026-01-26 15:00:00+00:00,USDCHF,BUY,1.2999999999999998,1.3974999999999997,0.575,низ диапазона,True,2026-01
2026-01-27 00:00:00+00:00,EURJPY,SELL,1.5,1.6124999999999998,0.575,верх диапазона+RSI высокий,False,2026-01
2026-01-27 05:00:00+00:00,EURJPY,SELL,2.0,2.1,0.55,верх диапазона+RSI высокий,True,2026-01
2026-01-27 15:00:00+00:00,USDCHF,BUY,2.1,2.2575,0.575,низ диапазона+RSI низкий,False,2026-01
2026-01-27 20:00:00+00:00,USDCHF,BUY,2.1,2.205,0.55,низ диапазона+RSI низкий,True,2026-01
2026-01-28 00:00:00+00:00,USDCHF,BUY,2.1,2.2575,0.575,низ диапазона+RSI низкий,True,2026-01
2026-01-28 15:00:00+00:00,EURUSD,BUY,2.4,2.4599999999999995,0.525,низ диапазона+RSI низкий,True,2026-01
2026-01-28 20:00:00+00:00,EURUSD,BUY,1.2000000000000002,1.2600000000000002,0.55,RSI низкий,True,2026-01
2026-01-29 00:00:00+00:00,EURUSD,BUY,1.1,1.1825,0.575,импульс вверх,True,2026-01
2026-01-29 05:00:00+00:00,USDCHF,BUY,2.1,2.3100000000000005,0.6,низ диапазона+RSI низкий,True,2026-01
2026-01-29 15:00:00+00:00,EURJPY,BUY,2.1,2.205,0.55,низ диапазона+RSI низкий,True,2026-01
2026-01-29 20:00:00+00:00,EURUSD,BUY,1.1,1.2100000000000002,0.6,импульс вверх,False,2026-01
2026-01-30 05:00:00+00:00,EURJPY,SELL,1.3000000000000003,1.3650000000000004,0.55,верх диапазона+RSI высокий+импульс вверх,False,2026-01
2026-01-30 10:00:00+00:00,EURJPY,SELL,2.0,2.05,0.525,верх диапазона+RSI высокий,False,2026-01
2026-01-30 15:00:00+00:00,EURUSD,BUY,2.1,2.205,0.55,низ диапазона,False,2026-01
2026-01-30 20:00:00+00:00,EURUSD,BUY,2.1,2.205,0.55,низ диапазона,False,2026-01
2026-02-02 00:00:00+00:00,EURUSD,BUY,2.1,2.1525,0.525,низ диапазона,False,2026-02
2026-02-02 05:00:00+00:00,EURUSD,BUY,2.1,2.1525,0.525,низ диапазона,False,2026-02
2026-02-02 10:00:00+00:00,EURUSD,BUY,2.1,2.1,0.5,низ диапазона,False,2026-02
2026-02-02 15:00:00+00:00,EURUSD,BUY,2.1,2.0475,0.475,низ диапазона,False,2026-02
2026-02-02 20:00:00+00:00,EURUSD,BUY,2.1,2.0475,0.475,низ диапазона+RSI низкий,True,2026-02
2026-02-03 00:00:00+00:00,EURUSD,BUY,2.1,2.1,0.5,низ диапазона+RSI низкий,True,2026-02
2026-02-03 05:00:00+00:00,EURUSD,BUY,2.1,2.1,0.5,низ диапазона+RSI низкий,False,2026-02
2026-02-03 10:00:00+00:00,EURUSD,BUY,1.2999999999999998,1.2674999999999998,0.475,низ диапазона,True,2026-02
2026-02-03 15:00:00+00:00,USDCHF,BUY,1.6,1.56,0.475,низ диапазона+RSI низкий,True,2026-02
2026-02-03 20:00:00+00:00,EURJPY,SELL,1.5,1.6500000000000001,0.6,верх диапазона+RSI высокий,False,2026-02
2026-02-04 10:00:00+00:00,EURJPY,SELL,1.5,1.6124999999999998,0.575,верх диапазона+RSI высокий,True,2026-02
2026-02-04 15:00:00+00:00,EURUSD,BUY,2.1,2.1,0.5,низ диапазона+RSI низкий,True,2026-02
2026-02-05 05:00:00+00:00,EURUSD,BUY,1.2999999999999998,1.3324999999999998,0.525,низ диапазона,False,2026-02
2026-02-05 10:00:00+00:00,EURUSD,BUY,1.2999999999999998,1.2999999999999998,0.5,низ диапазона,True,2026-02
2026-02-05 20:00:00+00:00,EURUSD,BUY,1.2999999999999998,1.2999999999999998,0.5,низ диапазона,True,2026-02
2026-02-06 00:00:00+00:00,EURJPY,BUY,2.4,2.64,0.6,низ диапазона+RSI низкий,True,2026-02
2026-02-06 05:00:00+00:00,EURJPY,BUY,1.1,1.2100000000000002,0.6,импульс вверх,True,2026-02
2026-02-06 10:00:00+00:00,USDCHF,BUY,1.1,1.1275,0.525,импульс вверх,False,2026-02
2026-02-06 15:00:00+00:00,EURUSD,SELL,1.6,1.64,0.525,верх диапазона+RSI высокий+импульс вверх,False,2026-02
2026-02-06 20:00:00+00:00,EURUSD,SELL,2.3000000000000003,2.3000000000000003,0.5,верх диапазона+RSI высокий,True,2026-02
2026-02-09 00:00:00+00:00,EURUSD,SELL,2.3000000000000003,2.3575,0.525,верх диапазона+RSI высокий,False,2026-02
2026-02-09 05:00:00+00:00,USDCHF,BUY,1.2999999999999998,1.2999999999999998,0.5,низ диапазона,False,2026-02
2026-02-09 10:00:00+00:00,USDCHF,BUY,2.1,2.1,0.5,низ диапазона+RSI низкий,False,2026-02
2026-02-09 15:00:00+00:00,USDCHF,BUY,2.1,2.0475,0.475,низ диапазона+RSI низкий,True,2026-02
2026-02-09 20:00:00+00:00,USDCHF,BUY,2.1,2.0475,0.475,низ диапазона+RSI низкий,True,2026-02
2026-02-10 00:00:00+00:00,USDCHF,BUY,1.6,1.6,0.5,RSI низкий+импульс вверх,False,2026-02
2026-02-10 05:00:00+00:00,EURJPY,BUY,2.4,2.6999999999999997,0.625,низ диапазона+RSI низкий,False,2026-02
2026-02-10 10:00:00+00:00,EURJPY,BUY,2.4,2.64,0.6,низ диапазона+RSI низкий,False,2026-02
2026-02-10 15:00:00+00:00,EURJPY,BUY,2.1,2.2575,0.575,низ диапазона+RSI низкий,False,2026-02
2026-02-10 20:00:00+00:00,EURJPY,BUY,2.1,2.2575,0.575,низ диапазона+RSI низкий,False,2026-02
2026-02-11 00:00:00+00:00,EURJPY,BUY,2.1,2.205,0.55,низ диапазона+RSI низкий,False,2026-02
2026-02-11 05:00:00+00:00,EURJPY,BUY,2.1,2.205,0.55,низ диапазона+RSI низкий,True,2026-02
2026-02-11 10:00:00+00:00,EURJPY,BUY,1.6,1.6800000000000002,0.55,RSI низкий+импульс вверх,False,2026-02
2026-02-11 15:00:00+00:00,EURUSD,BUY,1.7000000000000002,1.7850000000000004,0.55,RSI низкий,True,2026-02
2026-02-11 20:00:00+00:00,EURUSD,BUY,1.2000000000000002,1.2600000000000002,0.55,RSI низкий,True,2026-02
2026-02-12 00:00:00+00:00,EURUSD,BUY,1.2000000000000002,1.29,0.575,RSI низкий,False,2026-02
2026-02-12 10:00:00+00:00,USDCHF,BUY,1.6,1.56,0.475,низ диапазона+RSI низкий,False,2026-02
2026-02-13 05:00:00+00:00,EURUSD,BUY,2.4,2.52,0.55,низ диапазона+RSI низкий,False,2026-02
2026-02-13 10:00:00+00:00,EURUSD,BUY,1.2999999999999998,1.3324999999999998,0.525,низ диапазона,False,2026-02
2026-02-13 15:00:00+00:00,EURUSD,BUY,1.2999999999999998,1.2999999999999998,0.5,низ диапазона,True,2026-02
2026-02-13 20:00:00+00:00,EURJPY,BUY,1.6,1.64,0.525,низ диапазона+RSI низкий,True,2026-02
2026-02-16 10:00:00+00:00,EURJPY,SELL,1.6,1.6800000000000002,0.55,верх диапазона+RSI высокий+импульс вверх,True,2026-02
2026-02-17 00:00:00+00:00,EURJPY,BUY,2.1,2.205,0.55,низ диапазона+RSI низкий,False,2026-02
2026-02-17 05:00:00+00:00,EURJPY,BUY,2.1,2.205,0.55,низ диапазона+RSI низкий,True,2026-02
2026-02-17 15:00:00+00:00,EURUSD,BUY,2.1,2.0475,0.475,низ диапазона+RSI низкий,True,2026-02
2026-02-17 20:00:00+00:00,EURJPY,SELL,1.2000000000000002,1.29,0.575,верх диапазона,False,2026-02
2026-02-18 05:00:00+00:00,EURUSD,SELL,1.2000000000000002,1.2000000000000002,0.5,RSI высокий,True,2026-02
2026-02-18 10:00:00+00:00,EURJPY,SELL,1.2000000000000002,1.2600000000000002,0.55,верх диапазона,False,2026-02
2026-02-18 15:00:00+00:00,EURJPY,SELL,1.6,1.64,0.525,верх диапазона+RSI высокий+импульс вверх,False,2026-02
2026-02-18 20:00:00+00:00,EURJPY,SELL,2.3000000000000003,2.3000000000000003,0.5,верх диапазона+RSI высокий,False,2026-02
2026-02-19 00:00:00+00:00,EURJPY,SELL,2.3000000000000003,2.2425,0.475,верх диапазона+RSI высокий,False,2026-02
2026-02-19 05:00:00+00:00,EURUSD,BUY,2.1,2.205,0.55,низ диапазона+RSI низкий,False,2026-02
2026-02-19 10:00:00+00:00,EURUSD,BUY,1.2999999999999998,1.3649999999999998,0.55,низ диапазона,False,2026-02
2026-02-20 20:00:00+00:00,EURUSD,SELL,1.2000000000000002,1.23,0.525,RSI высокий,False,2026-02
2026-02-23 00:00:00+00:00,USDCHF,BUY,2.9,2.755,0.45,низ диапазона+RSI низкий,True,2026-02
2026-02-23 05:00:00+00:00,USDCHF,BUY,1.1,1.045,0.45,RSI низкий+импульс вверх,True,2026-02
2026-02-23 10:00:00+00:00,USDCHF,BUY,1.1,1.0725,0.475,импульс вверх,False,2026-02
2026-02-23 15:00:00+00:00,EURJPY,BUY,1.2999999999999998,1.2674999999999998,0.475,низ диапазона,True,2026-02
2026-02-24 05:00:00+00:00,EURJPY,SELL,1.2000000000000002,1.2000000000000002,0.5,верх диапазона+RSI высокий,False,2026-02
2026-02-24 10:00:00+00:00,USDCHF,BUY,1.6,1.52,0.45,низ диапазона,True,2026-02
2026-02-25 00:00:00+00:00,USDCHF,BUY,1.6,1.56,0.475,низ диапазона,False,2026-02
2026-02-25 05:00:00+00:00,USDCHF,BUY,2.1,1.9949999999999999,0.45,низ диапазона+RSI низкий,True,2026-02
2026-02-25 15:00:00+00:00,EURJPY,SELL,1.5,1.5,0.5,верх диапазона+RSI высокий,False,2026-02
2026-02-25 20:00:00+00:00,EURJPY,SELL,1.5,1.4625,0.475,верх диапазона+RSI высокий,True,2026-02
2026-02-26 00:00:00+00:00,USDCHF,BUY,1.6,1.56,0.475,низ диапазона+RSI низкий,True,2026-02
2026-02-26 10:00:00+00:00,EURJPY,BUY,2.4,2.4,0.5,низ диапазона+RSI низкий,True,2026-02
2026-03-02 05:00:00+00:00,EURUSD,BUY,1.2999999999999998,1.2999999999999998,0.5,низ диапазона,False,2026-03
2026-03-02 15:00:00+00:00,EURUSD,BUY,2.1,2.1,0.5,низ диапазона+RSI низкий,True,2026-03
2026-03-02 20:00:00+00:00,USDCHF,SELL,1.5,1.5,0.5,верх диапазона+RSI высокий,True,2026-03
2026-03-03 00:00:00+00:00,EURUSD,BUY,1.2999999999999998,1.3649999999999998,0.55,низ диапазона,False,2026-03
2026-03-03 05:00:00+00:00,EURJPY,BUY,2.9,2.9724999999999997,0.525,низ диапазона+RSI низкий,False,2026-03
2026-03-03 10:00:00+00:00,EURUSD,BUY,2.1,2.205,0.55,низ диапазона+RSI низкий,False,2026-03
2026-03-04 00:00:00+00:00,USDCHF,BUY,1.2000000000000002,1.2000000000000002,0.5,RSI низкий,False,2026-03
2026-03-04 05:00:00+00:00,USDCHF,BUY,1.2000000000000002,1.1700000000000002,0.475,RSI низкий,False,2026-03
2026-03-04 20:00:00+00:00,USDCHF,BUY,1.6,1.56,0.475,низ диапазона,True,2026-03
2026-03-05 00:00:00+00:00,USDCHF,BUY,2.4,2.4,0.5,низ диапазона+RSI низкий,True,2026-03
2026-03-05 05:00:00+00:00,EURUSD,BUY,2.1,2.2575,0.575,низ диапазона+RSI низкий,True,2026-03
2026-03-05 15:00:00+00:00,EURUSD,BUY,2.1,2.2575,0.575,низ диапазона+RSI низкий,True,2026-03
2026-03-06 05:00:00+00:00,EURJPY,SELL,1.3000000000000003,1.2675000000000003,0.475,верх диапазона+RSI высокий+импульс вверх,True,2026-03
2026-03-06 15:00:00+00:00,EURJPY,BUY,1.6,1.6,0.5,низ диапазона+RSI низкий,True,2026-03
2026-03-06 20:00:00+00:00,USDCHF,BUY,2.1,2.1,0.5,низ диапазона+RSI низкий,True,2026-03
2026-03-09 00:00:00+00:00,EURUSD,BUY,1.2999999999999998,1.3974999999999997,0.575,низ диапазона,True,2026-03
2026-03-09 20:00:00+00:00,EURUSD,SELL,1.6,1.7600000000000002,0.6,верх диапазона+RSI высокий+импульс вверх,True,2026-03
2026-03-10 00:00:00+00:00,EURUSD,SELL,1.3000000000000003,1.4300000000000004,0.6,верх диапазона+RSI высокий+импульс вверх,True,2026-03
2026-03-10 15:00:00+00:00,USDCHF,BUY,2.1,2.1525,0.525,низ диапазона+RSI низкий,True,2026-03
2026-03-10 20:00:00+00:00,USDCHF,BUY,1.1,1.1275,0.525,импульс вверх,False,2026-03
2026-03-11 05:00:00+00:00,EURJPY,SELL,1.5,1.5374999999999999,0.525,верх диапазона+RSI высокий,True,2026-03
2026-03-11 20:00:00+00:00,EURUSD,BUY,2.1,2.3100000000000005,0.6,низ диапазона+RSI низкий,False,2026-03
2026-03-12 00:00:00+00:00,EURUSD,BUY,2.1,2.3100000000000005,0.6,низ диапазона+RSI низкий,False,2026-03
2026-03-12 05:00:00+00:00,EURUSD,BUY,2.1,2.2575,0.575,низ диапазона+RSI низкий,True,2026-03
2026-03-12 15:00:00+00:00,EURUSD,BUY,2.1,2.2575,0.575,низ диапазона+RSI низкий,False,2026-03
2026-03-12 20:00:00+00:00,EURUSD,BUY,2.1,2.2575,0.575,низ диапазона+RSI низкий,True,2026-03
2026-03-13 05:00:00+00:00,EURUSD,BUY,2.1,2.2575,0.575,низ диапазона+RSI низкий,False,2026-03
2026-03-13 15:00:00+00:00,EURUSD,BUY,2.1,2.2575,0.575,низ диапазона+RSI низкий,False,2026-03
2026-03-13 20:00:00+00:00,EURUSD,BUY,2.1,2.205,0.55,низ диапазона+RSI низкий,True,2026-03
2026-03-16 00:00:00+00:00,EURJPY,BUY,1.2999999999999998,1.2999999999999998,0.5,низ диапазона,False,2026-03
2026-03-16 05:00:00+00:00,EURJPY,BUY,2.1,2.0475,0.475,низ диапазона+RSI низкий,True,2026-03
2026-03-16 15:00:00+00:00,EURJPY,SELL,1.2000000000000002,1.1700000000000002,0.475,верх диапазона,False,2026-03
2026-03-16 20:00:00+00:00,USDCHF,BUY,2.4,2.4,0.5,низ диапазона+RSI низкий,True,2026-03
2026-03-17 00:00:00+00:00,EURJPY,SELL,1.2000000000000002,1.1400000000000001,0.45,верх диапазона,True,2026-03
2026-03-17 10:00:00+00:00,USDCHF,BUY,1.6,1.6,0.5,низ диапазона,False,2026-03
2026-03-17 15:00:00+00:00,USDCHF,BUY,2.4,2.4,0.5,низ диапазона+RSI низкий,False,2026-03
2026-03-17 20:00:00+00:00,EURUSD,SELL,2.3000000000000003,2.4150000000000005,0.55,верх диапазона+RSI высокий,True,2026-03
2026-03-18 00:00:00+00:00,EURUSD,SELL,1.5,1.5750000000000002,0.55,RSI высокий,False,2026-03
2026-03-18 05:00:00+00:00,EURUSD,SELL,2.3000000000000003,2.3575,0.525,верх диапазона+RSI высокий,True,2026-03
2026-03-18 20:00:00+00:00,EURUSD,BUY,2.1,2.205,0.55,низ диапазона+RSI низкий,True,2026-03
2026-03-19 05:00:00+00:00,EURUSD,BUY,2.1,2.2575,0.575,низ диапазона+RSI низкий,True,2026-03
2026-03-19 15:00:00+00:00,EURJPY,BUY,2.1,2.0475,0.475,низ диапазона+RSI низкий,True,2026-03
2026-03-19 20:00:00+00:00,USDCHF,BUY,1.2000000000000002,1.23,0.525,RSI низкий,True,2026-03
2026-03-20 00:00:00+00:00,USDCHF,BUY,1.2000000000000002,1.2600000000000002,0.55,RSI низкий,True,2026-03
2026-03-20 05:00:00+00:00,EURJPY,SELL,1.3000000000000003,1.3000000000000003,0.5,верх диапазона+RSI высокий+импульс вверх,False,2026-03
2026-03-20 20:00:00+00:00,EURUSD,BUY,1.1,1.2100000000000002,0.6,импульс вверх,False,2026-03
2026-03-23 00:00:00+00:00,EURJPY,SELL,1.5,1.5,0.5,верх диапазона+RSI высокий,True,2026-03
2026-03-23 05:00:00+00:00,EURUSD,BUY,1.6,1.72,0.575,низ диапазона,False,2026-03
2026-03-23 10:00:00+00:00,EURJPY,BUY,2.4,2.4599999999999995,0.525,низ диапазона+RSI низкий,True,2026-03
2026-03-23 15:00:00+00:00,EURUSD,BUY,1.1,1.2100000000000002,0.6,импульс вверх,True,2026-03
2026-03-23 20:00:00+00:00,EURUSD,BUY,1.1,1.2100000000000002,0.6,импульс вверх,False,2026-03
2026-03-24 15:00:00+00:00,EURUSD,BUY,1.6,1.72,0.575,низ диапазона,True,2026-03
2026-03-24 20:00:00+00:00,EURUSD,BUY,1.1,1.1825,0.575,импульс вверх,True,2026-03
2026-03-25 05:00:00+00:00,USDCHF,BUY,1.1,1.1275,0.525,импульс вверх,False,2026-03
2026-03-25 15:00:00+00:00,EURUSD,BUY,2.4,2.5799999999999996,0.575,низ диапазона+RSI низкий,False,2026-03
2026-03-25 20:00:00+00:00,EURUSD,BUY,2.4,2.52,0.55,низ диапазона+RSI низкий,True,2026-03
2026-03-26 05:00:00+00:00,EURUSD,BUY,2.1,2.2575,0.575,низ диапазона,False,2026-03
2026-03-26 20:00:00+00:00,EURUSD,BUY,2.1,2.2575,0.575,низ диапазона+RSI низкий,True,2026-03
2026-03-27 00:00:00+00:00,EURJPY,BUY,1.6,1.6800000000000002,0.55,низ диапазона,True,2026-03
2026-03-27 10:00:00+00:00,EURUSD,BUY,1.2999999999999998,1.43,0.6,низ диапазона,True,2026-03
2026-03-27 20:00:00+00:00,EURUSD,BUY,2.1,2.3100000000000005,0.6,низ диапазона+RSI низкий,True,2026-03
2026-03-30 00:00:00+00:00,EURJPY,BUY,1.6,1.6800000000000002,0.55,низ диапазона,False,2026-03
2026-03-30 05:00:00+00:00,EURJPY,BUY,2.4,2.4599999999999995,0.525,низ диапазона+RSI низкий,False,2026-03
2026-03-30 10:00:00+00:00,EURUSD,BUY,2.1,2.3100000000000005,0.6,низ диапазона+RSI низкий,False,2026-03
2026-03-30 15:00:00+00:00,EURUSD,BUY,2.1,2.3100000000000005,0.6,низ диапазона+RSI низкий,True,2026-03
2026-03-30 20:00:00+00:00,EURJPY,BUY,1.6,1.64,0.525,RSI низкий+импульс вверх,True,2026-03
2026-04-01 00:00:00+00:00,EURJPY,SELL,2.0,2.1,0.55,верх диапазона+RSI высокий,True,2026-04
2026-04-01 05:00:00+00:00,USDCHF,BUY,2.4,2.4,0.5,низ диапазона+RSI низкий,False,2026-04
2026-04-01 10:00:00+00:00,USDCHF,BUY,2.1,2.1,0.5,низ диапазона+RSI низкий,True,2026-04
2026-04-02 05:00:00+00:00,EURJPY,BUY,2.4,2.64,0.6,низ диапазона+RSI низкий,True,2026-04
2026-04-02 10:00:00+00:00,EURUSD,BUY,2.1,2.3100000000000005,0.6,низ диапазона+RSI низкий,True,2026-04
2026-04-03 00:00:00+00:00,EURJPY,SELL,1.2000000000000002,1.35,0.625,верх диапазона+RSI высокий,False,2026-04
2026-04-03 05:00:00+00:00,EURJPY,SELL,1.2000000000000002,1.3200000000000003,0.6,верх диапазона+RSI высокий,False,2026-04
2026-04-03 15:00:00+00:00,EURUSD,BUY,1.2999999999999998,1.4625,0.625,низ диапазона,False,2026-04
2026-04-03 20:00:00+00:00,EURUSD,BUY,2.1,2.3625000000000003,0.625,низ диапазона+RSI низкий,True,2026-04
2026-04-06 00:00:00+00:00,EURUSD,BUY,2.1,2.3625000000000003,0.625,низ диапазона+RSI низкий,True,2026-04
2026-04-06 10:00:00+00:00,USDCHF,BUY,2.4,2.52,0.55,низ диапазона+RSI низкий,True,2026-04
2026-04-06 15:00:00+00:00,EURJPY,SELL,1.5,1.6500000000000001,0.6,верх диапазона+RSI высокий,True,2026-04
2026-04-07 10:00:00+00:00,EURUSD,BUY,1.1,1.2100000000000002,0.6,импульс вверх,True,2026-04
2026-04-07 20:00:00+00:00,USDCHF,BUY,1.6,1.6800000000000002,0.55,низ диапазона,False,2026-04
2026-04-08 00:00:00+00:00,USDCHF,BUY,2.1,2.1525,0.525,низ диапазона+RSI низкий,False,2026-04
2026-04-08 05:00:00+00:00,USDCHF,BUY,2.1,2.1,0.5,низ диапазона+RSI низкий,False,2026-04
2026-04-08 10:00:00+00:00,USDCHF,BUY,2.1,2.1,0.5,низ диапазона+RSI низкий,True,2026-04
2026-04-08 20:00:00+00:00,EURJPY,BUY,1.6,1.8,0.625,низ диапазона,True,2026-04
2026-04-09 00:00:00+00:00,EURUSD,BUY,1.6,1.7600000000000002,0.6,низ диапазона,True,2026-04
2026-04-09 05:00:00+00:00,EURUSD,BUY,1.2999999999999998,1.43,0.6,низ диапазона,True,2026-04
2026-04-09 15:00:00+00:00,USDCHF,BUY,2.1,2.1525,0.525,низ диапазона+RSI низкий,True,2026-04
2026-04-13 05:00:00+00:00,EURUSD,BUY,1.2000000000000002,1.35,0.625,RSI низкий,True,2026-04
2026-04-13 10:00:00+00:00,EURUSD,BUY,1.2000000000000002,1.3800000000000001,0.65,RSI низкий,True,2026-04
2026-04-13 15:00:00+00:00,USDCHF,BUY,2.1,2.1525,0.525,низ диапазона+RSI низкий,False,2026-04
2026-04-13 20:00:00+00:00,USDCHF,BUY,2.1,2.1,0.5,низ диапазона+RSI низкий,True,2026-04
2026-04-14 00:00:00+00:00,USDCHF,BUY,2.1,2.1525,0.525,низ диапазона+RSI низкий,True,2026-04
2026-04-14 05:00:00+00:00,USDCHF,BUY,2.1,2.1525,0.525,низ диапазона+RSI низкий,False,2026-04
2026-04-14 10:00:00+00:00,USDCHF,BUY,2.1,2.1525,0.525,низ диапазона+RSI низкий,True,2026-04
2026-04-15 10:00:00+00:00,EURUSD,BUY,1.6,1.8399999999999999,0.65,низ диапазона,True,2026-04
2026-04-16 00:00:00+00:00,EURUSD,SELL,1.5,1.7625000000000002,0.675,верх диапазона+RSI высокий,True,2026-04
2026-04-16 10:00:00+00:00,EURUSD,BUY,1.6,1.92,0.7,низ диапазона,True,2026-04
2026-04-16 20:00:00+00:00,USDCHF,SELL,1.2000000000000002,1.23,0.525,RSI высокий,True,2026-04
2026-04-17 00:00:00+00:00,EURJPY,SELL,1.5,1.6875,0.625,верх диапазона+RSI высокий,False,2026-04
2026-04-17 05:00:00+00:00,EURJPY,SELL,1.5,1.6875,0.625,верх диапазона+RSI высокий,True,2026-04
2026-04-17 15:00:00+00:00,EURJPY,BUY,2.9,3.3349999999999995,0.65,низ диапазона+RSI низкий,False,2026-04
2026-04-17 20:00:00+00:00,EURJPY,BUY,2.9,3.3349999999999995,0.65,низ диапазона+RSI низкий,True,2026-04
2026-04-20 00:00:00+00:00,EURUSD,BUY,2.1,2.4675000000000002,0.675,низ диапазона,False,2026-04
2026-04-20 05:00:00+00:00,EURUSD,BUY,2.9,3.3349999999999995,0.65,низ диапазона+RSI низкий,True,2026-04
2026-04-20 15:00:00+00:00,USDCHF,BUY,2.1,2.205,0.55,низ диапазона+RSI низкий,False,2026-04
2026-04-20 20:00:00+00:00,USDCHF,BUY,2.1,2.205,0.55,низ диапазона+RSI низкий,True,2026-04
2026-04-21 10:00:00+00:00,EURUSD,BUY,2.9,3.4075,0.675,низ диапазона+RSI низкий,False,2026-04
2026-04-21 15:00:00+00:00,EURUSD,BUY,2.9,3.3349999999999995,0.65,низ диапазона+RSI низкий,False,2026-04
2026-04-22 15:00:00+00:00,EURUSD,BUY,2.1,2.3625000000000003,0.625,низ диапазона+RSI низкий,False,2026-04
2026-04-22 20:00:00+00:00,EURUSD,BUY,2.1,2.3625000000000003,0.625,низ диапазона+RSI низкий,True,2026-04
2026-04-23 00:00:00+00:00,EURJPY,BUY,2.1,2.3100000000000005,0.6,низ диапазона+RSI низкий,True,2026-04
2026-04-23 10:00:00+00:00,EURUSD,BUY,2.1,2.415,0.65,низ диапазона+RSI низкий,True,2026-04
2026-04-24 05:00:00+00:00,USDCHF,SELL,1.5,1.5374999999999999,0.525,верх диапазона+RSI высокий,True,2026-04
2026-04-24 10:00:00+00:00,EURJPY,SELL,1.2000000000000002,1.3200000000000003,0.6,верх диапазона,True,2026-04
2026-04-24 15:00:00+00:00,USDCHF,BUY,1.6,1.6800000000000002,0.55,низ диапазона,False,2026-04
2026-04-24 20:00:00+00:00,USDCHF,BUY,2.4,2.4599999999999995,0.525,низ диапазона+RSI низкий,True,2026-04
2026-04-28 00:00:00+00:00,EURUSD,BUY,1.6,1.8,0.625,низ диапазона+RSI низкий,False,2026-04
2026-04-28 05:00:00+00:00,EURJPY,BUY,2.1,2.3625000000000003,0.625,низ диапазона+RSI низкий,True,2026-04
2026-04-28 10:00:00+00:00,EURUSD,BUY,2.1,2.2575,0.575,низ диапазона+RSI низкий,True,2026-04
2026-04-28 15:00:00+00:00,EURJPY,SELL,1.2000000000000002,1.35,0.625,верх диапазона,False,2026-04
2026-04-28 20:00:00+00:00,EURJPY,SELL,1.2000000000000002,1.35,0.625,верх диапазона+RSI высокий,True,2026-04
2026-04-29 00:00:00+00:00,EURUSD,SELL,2.0,2.2,0.6,верх диапазона+RSI высокий,True,2026-04
2026-04-30 05:00:00+00:00,EURUSD,BUY,2.1,2.3625000000000003,0.625,низ диапазона+RSI низкий,True,2026-04
2026-04-30 10:00:00+00:00,USDCHF,BUY,2.9,2.9724999999999997,0.525,низ диапазона+RSI низкий,False,2026-04
2026-04-30 15:00:00+00:00,USDCHF,BUY,2.1,2.1525,0.525,низ диапазона+RSI низкий,False,2026-04
2026-04-30 20:00:00+00:00,USDCHF,BUY,2.1,2.1,0.5,низ диапазона+RSI низкий,True,2026-04
2026-05-01 00:00:00+00:00,USDCHF,BUY,2.1,2.1525,0.525,низ диапазона+RSI низкий,True,2026-05
2026-05-01 20:00:00+00:00,EURUSD,BUY,1.6,1.72,0.575,низ диапазона,False,2026-05
2026-05-04 10:00:00+00:00,EURUSD,BUY,1.6,1.72,0.575,низ диапазона+RSI низкий,False,2026-05
2026-05-04 15:00:00+00:00,EURUSD,BUY,1.2999999999999998,1.3649999999999998,0.55,низ диапазона,False,2026-05
2026-05-04 20:00:00+00:00,EURUSD,BUY,1.6,1.64,0.525,низ диапазона+RSI низкий,False,2026-05
2026-05-05 00:00:00+00:00,EURUSD,BUY,1.2999999999999998,1.3324999999999998,0.525,низ диапазона,False,2026-05
2026-05-05 05:00:00+00:00,EURUSD,BUY,1.2999999999999998,1.3324999999999998,0.525,низ диапазона,True,2026-05
2026-05-05 15:00:00+00:00,EURJPY,SELL,1.6,1.8,0.625,верх диапазона+RSI высокий+импульс вверх,False,2026-05
2026-05-05 20:00:00+00:00,EURJPY,SELL,2.0,2.25,0.625,верх диапазона+RSI высокий,False,2026-05
2026-05-06 00:00:00+00:00,EURJPY,SELL,2.3000000000000003,2.5300000000000007,0.6,верх диапазона+RSI высокий,True,2026-05
2026-05-06 10:00:00+00:00,USDCHF,BUY,2.1,2.2575,0.575,низ диапазона+RSI низкий,True,2026-05
2026-05-07 00:00:00+00:00,EURUSD,BUY,1.2000000000000002,1.23,0.525,RSI низкий,True,2026-05
2026-05-07 05:00:00+00:00,EURUSD,BUY,1.2999999999999998,1.3324999999999998,0.525,низ диапазона,True,2026-05
2026-05-07 15:00:00+00:00,EURJPY,SELL,2.0,2.2,0.6,верх диапазона+RSI высокий,True,2026-05
2026-05-07 20:00:00+00:00,EURUSD,BUY,1.6,1.6800000000000002,0.55,низ диапазона,True,2026-05
2026-05-08 00:00:00+00:00,EURUSD,BUY,2.4,2.52,0.55,низ диапазона+RSI низкий,True,2026-05
2026-05-08 05:00:00+00:00,USDCHF,SELL,1.2000000000000002,1.3200000000000003,0.6,RSI высокий,True,2026-05
2026-05-08 10:00:00+00:00,EURJPY,SELL,1.6,1.7600000000000002,0.6,верх диапазона+RSI высокий+импульс вверх,True,2026-05
2026-05-08 15:00:00+00:00,EURJPY,SELL,2.3000000000000003,2.5875000000000004,0.625,верх диапазона+RSI высокий,False,2026-05
2026-05-08 20:00:00+00:00,EURJPY,SELL,2.3000000000000003,2.5300000000000007,0.6,верх диапазона+RSI высокий,False,2026-05
2026-05-11 00:00:00+00:00,EURJPY,SELL,2.3000000000000003,2.5300000000000007,0.6,верх диапазона+RSI высокий,True,2026-05
2026-05-11 05:00:00+00:00,EURUSD,BUY,2.4,2.52,0.55,низ диапазона+RSI низкий,True,2026-05
2026-05-11 10:00:00+00:00,EURUSD,BUY,1.1,1.1550000000000002,0.55,импульс вверх,True,2026-05
2026-05-12 05:00:00+00:00,USDCHF,SELL,1.2000000000000002,1.3800000000000001,0.65,RSI высокий,False,2026-05
2026-05-12 10:00:00+00:00,EURUSD,BUY,2.9,3.045,0.55,низ диапазона+RSI низкий,False,2026-05
2026-05-12 15:00:00+00:00,EURUSD,BUY,2.1,2.1525,0.525,низ диапазона+RSI низкий,True,2026-05
2026-05-14 15:00:00+00:00,EURUSD,BUY,2.1,2.205,0.55,низ диапазона+RSI низкий,False,2026-05
2026-05-14 20:00:00+00:00,EURUSD,BUY,2.1,2.1525,0.525,низ диапазона+RSI низкий,False,2026-05
2026-05-15 00:00:00+00:00,EURUSD,BUY,2.1,2.1,0.5,низ диапазона+RSI низкий,False,2026-05
2026-05-15 05:00:00+00:00,EURUSD,BUY,2.1,2.0475,0.475,низ диапазона+RSI низкий,True,2026-05
2026-05-18 00:00:00+00:00,EURUSD,BUY,1.2999999999999998,1.2999999999999998,0.5,низ диапазона,True,2026-05
2026-05-18 20:00:00+00:00,USDCHF,BUY,1.6,1.8,0.625,низ диапазона,True,2026-05
2026-05-19 15:00:00+00:00,EURUSD,BUY,2.1,2.1525,0.525,низ диапазона+RSI низкий,True,2026-05
2026-05-20 00:00:00+00:00,EURUSD,BUY,2.1,2.1525,0.525,низ диапазона+RSI низкий,False,2026-05
2026-05-20 05:00:00+00:00,EURJPY,BUY,1.2999999999999998,1.43,0.6,низ диапазона,True,2026-05
2026-05-20 15:00:00+00:00,USDCHF,BUY,1.2000000000000002,1.35,0.625,RSI низкий,False,2026-05
2026-05-20 20:00:00+00:00,USDCHF,BUY,1.2000000000000002,1.3200000000000003,0.6,RSI низкий,False,2026-05
2026-05-21 00:00:00+00:00,EURJPY,SELL,1.2000000000000002,1.3200000000000003,0.6,верх диапазона,False,2026-05
2026-05-21 15:00:00+00:00,EURUSD,BUY,1.6,1.6800000000000002,0.55,низ диапазона+RSI низкий,True,2026-05
2026-05-21 20:00:00+00:00,USDCHF,BUY,1.6,1.72,0.575,низ диапазона,True,2026-05
2026-05-22 05:00:00+00:00,EURJPY,SELL,1.2000000000000002,1.29,0.575,RSI высокий,True,2026-05
2026-05-22 15:00:00+00:00,USDCHF,BUY,1.2000000000000002,1.3200000000000003,0.6,RSI низкий,False,2026-05
2026-05-25 00:00:00+00:00,USDCHF,BUY,2.1,2.3100000000000005,0.6,низ диапазона+RSI низкий,False,2026-05
2026-05-25 05:00:00+00:00,EURUSD,SELL,2.3000000000000003,2.4725,0.575,верх диапазона+RSI высокий,False,2026-05
2026-05-25 10:00:00+00:00,EURUSD,SELL,2.3000000000000003,2.4150000000000005,0.55,верх диапазона+RSI высокий,True,2026-05
2026-05-26 05:00:00+00:00,EURUSD,BUY,1.6,1.6800000000000002,0.55,низ диапазона+RSI низкий,True,2026-05
2026-05-26 10:00:00+00:00,USDCHF,SELL,1.2000000000000002,1.2600000000000002,0.55,RSI высокий,False,2026-05
2026-05-27 05:00:00+00:00,EURJPY,SELL,1.5,1.6500000000000001,0.6,верх диапазона+RSI высокий,False,2026-05
2026-05-27 20:00:00+00:00,EURUSD,BUY,1.6,1.72,0.575,низ диапазона+RSI низкий,False,2026-05
2026-05-28 00:00:00+00:00,EURUSD,BUY,1.6,1.72,0.575,низ диапазона+RSI низкий,False,2026-05
2026-05-28 05:00:00+00:00,EURUSD,BUY,2.1,2.2575,0.575,низ диапазона+RSI низкий,True,2026-05
2026-05-28 10:00:00+00:00,USDCHF,SELL,1.5,1.5374999999999999,0.525,верх диапазона+RSI высокий,True,2026-05
2026-05-28 15:00:00+00:00,USDCHF,BUY,2.4,2.52,0.55,низ диапазона+RSI низкий,False,2026-05
2026-05-28 20:00:00+00:00,USDCHF,BUY,2.1,2.1525,0.525,низ диапазона+RSI низкий,True,2026-05
2026-05-29 00:00:00+00:00,USDCHF,BUY,1.6,1.64,0.525,низ диапазона+RSI низкий,True,2026-05
2026-05-29 05:00:00+00:00,USDCHF,BUY,1.2999999999999998,1.3649999999999998,0.55,низ диапазона,False,2026-05
2026-05-29 10:00:00+00:00,USDCHF,BUY,1.2999999999999998,1.3324999999999998,0.525,низ диапазона,False,2026-05
2026-06-01 05:00:00+00:00,EURUSD,BUY,1.2000000000000002,1.3200000000000003,0.6,RSI низкий,False,2026-06
2026-06-01 10:00:00+00:00,EURUSD,BUY,1.6,1.72,0.575,низ диапазона,False,2026-06
2026-06-02 05:00:00+00:00,EURJPY,SELL,1.5,1.6500000000000001,0.6,верх диапазона+RSI высокий,False,2026-06
2026-06-03 05:00:00+00:00,EURJPY,BUY,2.4,2.5799999999999996,0.575,низ диапазона+RSI низкий,False,2026-06
2026-06-03 10:00:00+00:00,USDCHF,SELL,1.5,1.4249999999999998,0.45,верх диапазона+RSI высокий,False,2026-06
2026-06-03 20:00:00+00:00,EURUSD,BUY,1.2999999999999998,1.3324999999999998,0.525,низ диапазона,True,2026-06
2026-06-04 10:00:00+00:00,USDCHF,BUY,2.4,2.28,0.45,низ диапазона+RSI низкий,False,2026-06
2026-06-04 15:00:00+00:00,EURJPY,SELL,1.2000000000000002,1.2600000000000002,0.55,верх диапазона+RSI высокий,True,2026-06
2026-06-05 05:00:00+00:00,EURJPY,BUY,1.2000000000000002,1.29,0.575,RSI низкий,True,2026-06
2026-06-05 15:00:00+00:00,EURJPY,BUY,2.1,2.3100000000000005,0.6,низ диапазона+RSI низкий,False,2026-06
2026-06-05 20:00:00+00:00,EURUSD,BUY,2.1,2.2575,0.575,низ диапазона+RSI низкий,True,2026-06
2026-06-08 00:00:00+00:00,EURUSD,BUY,2.1,2.3100000000000005,0.6,низ диапазона+RSI низкий,False,2026-06
2026-06-08 05:00:00+00:00,EURUSD,BUY,2.1,2.3100000000000005,0.6,низ диапазона+RSI низкий,True,2026-06
2026-06-09 00:00:00+00:00,EURJPY,SELL,1.2000000000000002,1.23,0.525,RSI высокий,False,2026-06
2026-06-09 05:00:00+00:00,EURJPY,SELL,1.2000000000000002,1.2000000000000002,0.5,верх диапазона,False,2026-06
2026-06-09 10:00:00+00:00,EURJPY,SELL,1.6,1.6,0.5,верх диапазона+RSI высокий+импульс вверх,True,2026-06
2026-06-11 10:00:00+00:00,USDCHF,BUY,1.1,1.045,0.45,импульс вверх,True,2026-06
2026-06-11 15:00:00+00:00,EURUSD,BUY,2.1,2.3625000000000003,0.625,низ диапазона+RSI низкий,True,2026-06
2026-06-11 20:00:00+00:00,USDCHF,BUY,2.9,2.8274999999999997,0.475,низ диапазона+RSI низкий,True,2026-06
2026-06-12 00:00:00+00:00,USDCHF,BUY,1.2000000000000002,1.2000000000000002,0.5,RSI низкий,True,2026-06
